Country of Origin,Acidity,Aftertaste,Aroma,Balance,Body,Clean Cup,Cupper Points,Flavor,Sweetness,Uniformity,Total Cup Points
Ethiopia,8.75,8.67,8.67,8.42,8.5,10.0,8.75,8.83,10.0,10.0,90.58
Ethiopia,8.58,8.5,8.75,8.42,8.42,10.0,8.58,8.67,10.0,10.0,89.92
Guatemala,8.42,8.42,8.42,8.42,8.33,10.0,9.25,8.5,10.0,10.0,89.75
Ethiopia,8.42,8.42,8.17,8.25,8.5,10.0,8.67,8.58,10.0,10.0,89.0
Ethiopia,8.5,8.25,8.25,8.33,8.42,10.0,8.58,8.5,10.0,10.0,88.83
Brazil,8.5,8.42,8.58,8.33,8.25,10.0,8.33,8.42,10.0,10.0,88.83
Peru,8.5,8.33,8.42,8.25,8.25,10.0,8.5,8.5,10.0,10.0,88.75
Ethiopia,8.42,8.5,8.25,8.5,8.33,10.0,9.0,8.33,9.33,10.0,88.67
Ethiopia,8.42,8.58,8.67,8.42,8.33,10.0,8.67,8.67,9.33,9.33,88.42
Ethiopia,8.5,8.5,8.08,8.42,7.67,10.0,8.5,8.58,10.0,10.0,88.25
Ethiopia,8.5,8.25,8.17,8.17,7.75,10.0,8.58,8.67,10.0,10.0,88.08
United States of America,8.33,8.17,8.25,8.17,8.08,10.0,8.5,8.42,10.0,10.0,87.92
United States of America,8.42,8.33,8.08,8.08,8.0,10.0,8.33,8.67,10.0,10.0,87.92
United States of America,8.25,8.08,8.33,8.0,8.25,10.0,8.58,8.42,10.0,10.0,87.92
Ethiopia,8.25,8.5,8.25,8.75,8.58,10.0,8.5,8.33,9.33,9.33,87.83
United States of America,8.17,8.58,8.0,8.0,8.17,10.0,8.17,8.5,10.0,10.0,87.58
Indonesia,7.75,7.83,8.33,8.42,8.5,10.0,8.33,8.25,10.0,10.0,87.42
Ethiopia,8.33,8.25,8.17,8.33,8.42,10.0,8.83,8.33,9.33,9.33,87.33
China,8.17,8.08,8.42,8.0,7.92,10.0,8.42,8.25,10.0,10.0,87.25
Ethiopia,8.17,8.0,8.17,8.33,8.08,10.0,8.33,8.17,10.0,10.0,87.25
United States of America,8.5,8.08,8.0,8.0,8.25,10.0,8.17,8.25,10.0,10.0,87.25
Costa Rica,8.17,8.0,8.08,8.33,8.0,10.0,8.33,8.25,10.0,10.0,87.17
Mexico,8.0,8.17,8.17,8.17,7.83,10.0,8.58,8.25,10.0,10.0,87.17
United States of America,8.17,8.17,8.25,8.17,7.83,10.0,8.17,8.33,10.0,10.0,87.08
Ethiopia,8.17,7.92,8.42,8.0,8.33,10.0,8.08,8.17,10.0,10.0,87.08
Brazil,8.0,8.0,8.5,8.0,8.0,10.0,7.92,8.5,10.0,10.0,86.92
Ethiopia,8.17,8.08,7.83,8.17,8.17,10.0,8.25,8.25,10.0,10.0,86.92
Uganda,8.17,8.17,8.42,7.92,7.83,10.0,8.17,8.17,10.0,10.0,86.83
Honduras,8.0,8.08,8.17,8.0,8.08,10.0,8.25,8.08,10.0,10.0,86.67
Taiwan,8.25,8.0,8.0,8.17,8.0,10.0,8.17,8.0,10.0,10.0,86.58
Nicaragua,8.33,8.0,7.92,8.08,8.0,10.0,8.0,8.25,10.0,10.0,86.58
United Republic of Tanzania,8.0,8.17,8.42,8.0,7.58,10.0,8.17,8.17,10.0,10.0,86.5
Brazil,7.75,8.0,8.5,8.0,8.0,10.0,8.0,8.17,10.0,10.0,86.42
Costa Rica,8.08,8.0,8.17,8.0,7.83,10.0,8.42,7.83,10.0,10.0,86.33
Ethiopia,8.0,7.92,8.0,8.08,8.08,10.0,8.08,8.08,10.0,10.0,86.25
Kenya,8.25,8.0,8.08,7.92,7.92,10.0,8.08,8.0,10.0,10.0,86.25
United States of America,7.92,8.0,8.08,7.83,7.92,10.0,8.33,8.17,10.0,10.0,86.25
United States of America,7.75,8.08,8.25,7.83,7.67,10.0,8.25,8.42,10.0,10.0,86.25
Ethiopia,8.08,8.08,7.92,8.17,8.08,10.0,8.17,7.75,10.0,10.0,86.25
United States of America,8.0,8.0,7.67,8.08,8.17,10.0,8.08,8.17,10.0,10.0,86.17
Thailand,8.25,7.83,7.83,7.92,7.58,10.0,8.42,8.33,10.0,10.0,86.17
Brazil,7.75,7.92,8.17,8.0,8.33,10.0,8.08,7.92,10.0,10.0,86.17
Brazil,7.75,8.0,8.42,8.0,7.92,10.0,8.17,7.92,10.0,10.0,86.17
Taiwan,8.08,7.75,8.08,7.83,7.75,10.0,8.42,8.17,10.0,10.0,86.08
Kenya,8.0,8.0,8.08,8.08,7.83,10.0,8.0,8.08,10.0,10.0,86.08
Brazil,8.0,8.0,8.33,8.0,7.75,10.0,8.0,8.0,10.0,10.0,86.08
Uganda,7.92,7.83,8.08,7.92,8.08,10.0,8.08,8.08,10.0,10.0,86.0
Colombia,8.08,7.83,7.75,8.17,8.08,10.0,8.17,7.92,10.0,10.0,86.0
Kenya,8.5,7.83,7.92,7.92,7.5,10.0,8.17,8.17,10.0,10.0,86.0
Uganda,8.08,7.83,8.25,7.92,8.0,10.0,7.92,8.0,10.0,10.0,86.0
Ethiopia,8.25,8.0,7.75,8.0,8.0,10.0,7.92,8.08,10.0,10.0,86.0
United States of America,8.0,7.75,8.33,7.83,7.75,10.0,8.17,8.17,10.0,10.0,86.0
Guatemala,8.08,7.92,7.92,7.83,8.08,10.0,8.0,8.08,10.0,10.0,85.92
Uganda,8.08,7.92,8.17,7.75,7.83,10.0,8.0,8.17,10.0,10.0,85.92
Colombia,8.17,8.0,8.0,8.0,7.83,10.0,7.92,8.0,10.0,10.0,85.92
Panama,8.08,7.92,8.0,8.0,7.83,10.0,8.0,8.0,10.0,10.0,85.83
Ethiopia,8.08,7.92,7.83,7.92,8.0,10.0,8.0,8.08,10.0,10.0,85.83
Guatemala,8.17,8.0,7.83,8.0,7.83,10.0,8.0,8.0,10.0,10.0,85.83
Guatemala,8.33,7.83,8.0,7.83,7.83,10.0,8.0,8.0,10.0,10.0,85.83
Ethiopia,8.17,7.83,7.83,8.0,7.92,10.0,8.0,8.0,10.0,10.0,85.75
Peru,8.08,8.0,8.0,7.75,7.92,10.0,8.0,8.0,10.0,10.0,85.75
Papua New Guinea,8.33,7.83,8.33,8.25,8.0,9.33,7.92,8.42,10.0,9.33,85.75
El Salvador,7.92,8.0,7.92,7.83,7.75,10.0,8.0,8.17,10.0,10.0,85.58
El Salvador,7.75,8.0,7.83,8.17,7.92,10.0,7.92,8.0,10.0,10.0,85.58
United States of America,7.75,7.92,7.83,8.0,8.08,10.0,8.0,8.0,10.0,10.0,85.58
Panama,7.83,7.83,8.0,8.58,7.67,10.0,7.83,7.75,10.0,10.0,85.5
Kenya,8.08,7.83,7.92,7.92,7.83,10.0,8.0,7.92,10.0,10.0,85.5
Ethiopia,7.92,7.83,7.83,8.08,7.83,10.0,8.0,8.0,10.0,10.0,85.5
Uganda,7.92,7.67,8.33,7.92,7.67,10.0,8.08,7.92,10.0,10.0,85.5
Guatemala,8.33,7.67,8.0,8.0,7.83,10.0,7.83,7.83,10.0,10.0,85.5
Ethiopia,8.17,7.83,7.75,7.83,7.92,10.0,8.08,7.83,10.0,10.0,85.42
Uganda,7.67,7.83,8.08,7.83,8.0,10.0,8.0,8.0,10.0,10.0,85.42
United States of America,7.92,7.75,7.92,7.92,7.75,10.0,8.25,7.92,10.0,10.0,85.42
Brazil,7.67,8.0,8.0,8.0,7.75,10.0,8.0,8.0,10.0,10.0,85.42
El Salvador,8.08,7.83,8.08,7.83,7.83,10.0,7.92,7.83,10.0,10.0,85.42
China,7.83,8.0,8.0,7.75,7.83,10.0,7.92,8.0,10.0,10.0,85.33
Guatemala,7.67,7.83,7.83,8.58,7.83,10.0,7.83,7.75,10.0,10.0,85.33
Costa Rica,7.92,8.0,7.92,8.08,8.0,10.0,8.0,8.08,9.33,10.0,85.33
Costa Rica,7.67,7.58,8.0,8.5,8.08,10.0,7.92,7.58,10.0,10.0,85.33
Kenya,8.08,7.75,7.83,7.75,7.92,10.0,7.92,8.08,10.0,10.0,85.33
Kenya,8.08,7.92,8.0,7.75,7.83,10.0,7.83,7.92,10.0,10.0,85.33
Ethiopia,8.08,7.92,7.83,7.83,7.75,10.0,8.08,7.83,10.0,10.0,85.33
Ethiopia,8.33,7.75,7.92,7.75,7.75,10.0,8.0,7.83,10.0,10.0,85.33
Guatemala,8.0,7.75,8.0,7.83,7.92,10.0,7.83,7.92,10.0,10.0,85.25
Colombia,8.0,7.83,8.17,7.83,7.58,10.0,7.92,7.92,10.0,10.0,85.25
Colombia,7.83,7.92,7.58,7.92,8.0,10.0,7.92,8.08,10.0,10.0,85.25
Indonesia,8.0,7.67,7.75,7.83,8.08,10.0,8.0,7.83,10.0,10.0,85.17
Guatemala,7.92,7.67,8.25,7.67,7.75,10.0,7.92,8.0,10.0,10.0,85.17
Ethiopia,8.0,7.58,7.75,7.92,8.0,10.0,7.83,8.0,10.0,10.0,85.08
Colombia,8.08,7.58,8.17,7.75,8.0,10.0,7.67,7.83,10.0,10.0,85.08
Ethiopia,8.0,7.42,8.42,7.92,7.92,10.0,8.08,8.0,10.0,9.33,85.08
United States of America,7.92,7.83,7.58,8.17,7.83,10.0,7.92,7.83,10.0,10.0,85.08
Colombia,7.75,7.75,7.83,7.83,7.83,10.0,8.08,8.0,10.0,10.0,85.08
United States of America,8.0,7.92,8.08,8.0,8.08,9.33,8.17,8.17,10.0,9.33,85.08
Ethiopia,8.0,7.83,7.67,7.83,7.92,10.0,7.83,8.0,10.0,10.0,85.08
United States of America,7.83,8.25,7.5,7.75,7.92,10.0,7.92,7.92,10.0,10.0,85.08
Uganda,7.75,7.75,8.17,7.75,7.67,10.0,8.0,7.92,10.0,10.0,85.0
Colombia,7.92,7.75,8.0,7.83,7.75,10.0,7.83,7.92,10.0,10.0,85.0
Costa Rica,7.92,7.58,7.83,7.83,7.92,10.0,7.92,8.0,10.0,10.0,85.0
Mexico,7.75,7.83,7.83,7.83,7.67,10.0,8.08,8.0,10.0,10.0,85.0
Kenya,7.75,7.92,8.17,7.83,7.67,10.0,7.83,7.83,10.0,10.0,85.0
Kenya,8.08,7.75,7.75,7.75,8.0,10.0,7.83,7.83,10.0,10.0,85.0
Brazil,7.83,7.83,8.0,7.67,7.67,10.0,8.0,8.0,10.0,10.0,85.0
Mexico,8.08,7.75,7.92,7.83,7.42,10.0,7.83,8.17,10.0,10.0,85.0
United States of America,7.75,7.75,7.75,8.0,8.0,10.0,7.83,7.92,10.0,10.0,85.0
Guatemala,8.0,7.67,7.83,7.67,7.75,10.0,8.0,8.08,10.0,10.0,85.0
Colombia,7.83,7.67,7.92,7.83,7.92,10.0,7.83,7.92,10.0,10.0,84.92
Colombia,7.83,7.75,7.92,8.0,7.75,10.0,7.83,7.83,10.0,10.0,84.92
Taiwan,7.58,8.0,7.67,7.92,8.0,10.0,7.92,7.83,10.0,10.0,84.92
United Republic of Tanzania,7.92,7.83,8.0,7.75,7.75,10.0,7.83,7.83,10.0,10.0,84.92
Colombia,7.75,7.83,7.75,8.0,7.75,10.0,7.92,7.92,10.0,10.0,84.92
Mexico,7.83,7.75,7.75,7.92,7.5,10.0,8.17,8.0,10.0,10.0,84.92
Brazil,7.75,7.75,8.0,7.75,8.0,10.0,7.75,7.92,10.0,10.0,84.92
Brazil,8.0,7.75,8.0,7.75,7.5,10.0,7.92,8.0,10.0,10.0,84.92
Kenya,8.17,7.83,8.0,7.75,7.92,10.0,7.58,7.67,10.0,10.0,84.92
Taiwan,7.83,7.83,7.92,7.83,7.83,10.0,8.0,7.58,10.0,10.0,84.83
Uganda,7.67,7.67,7.75,7.75,8.25,10.0,7.83,7.92,10.0,10.0,84.83
United States of America,7.75,7.75,7.67,8.0,7.83,10.0,8.08,7.75,10.0,10.0,84.83
Ethiopia,7.92,7.83,7.75,7.67,7.75,10.0,8.0,7.92,10.0,10.0,84.83
Ethiopia,8.0,7.92,7.42,7.83,7.83,10.0,7.92,7.92,10.0,10.0,84.83
Thailand,7.75,7.75,7.75,7.75,8.0,10.0,8.0,7.75,10.0,10.0,84.75
Kenya,7.92,7.58,7.92,7.83,7.75,10.0,7.92,7.83,10.0,10.0,84.75
Honduras,7.67,8.0,7.83,7.67,7.67,10.0,8.17,7.75,10.0,10.0,84.75
El Salvador,8.33,8.0,7.75,7.92,7.67,10.0,7.75,8.0,9.33,10.0,84.75
Nicaragua,7.83,7.58,7.83,7.67,7.75,10.0,8.5,7.58,10.0,10.0,84.75
El Salvador,8.0,7.5,7.83,7.67,7.83,10.0,8.0,7.83,10.0,10.0,84.67
Indonesia,7.75,7.75,7.92,7.75,7.75,10.0,7.92,7.83,10.0,10.0,84.67
Japan,7.42,7.75,7.75,7.83,8.08,10.0,8.08,7.75,10.0,10.0,84.67
Costa Rica,7.83,7.67,8.08,7.92,7.5,10.0,7.92,7.75,10.0,10.0,84.67
Guatemala,8.0,7.58,7.75,7.75,7.92,10.0,7.83,7.83,10.0,10.0,84.67
Costa Rica,7.17,7.83,8.17,7.75,7.83,10.0,7.92,8.0,10.0,10.0,84.67
Ethiopia,7.83,7.75,8.08,7.67,7.58,10.0,7.92,7.83,10.0,10.0,84.67
Costa Rica,7.75,7.75,7.67,8.58,7.67,10.0,7.67,7.58,10.0,10.0,84.67
Costa Rica,7.75,7.83,8.0,7.75,7.75,10.0,8.0,7.58,10.0,10.0,84.67
Costa Rica,7.83,7.75,8.08,8.0,7.92,10.0,7.92,7.83,9.33,10.0,84.67
Taiwan,7.75,7.75,8.0,7.75,7.75,10.0,7.75,7.92,10.0,10.0,84.67
Colombia,7.83,7.75,7.75,7.83,7.75,10.0,7.92,7.83,10.0,10.0,84.67
Kenya,8.0,7.83,7.75,7.75,7.58,10.0,7.83,7.92,10.0,10.0,84.67
Guatemala,7.83,7.67,8.0,8.0,7.67,10.0,7.67,7.83,10.0,10.0,84.67
Guatemala,8.0,7.67,7.67,7.83,7.67,10.0,8.0,7.83,10.0,10.0,84.67
Mexico,7.92,7.67,7.83,7.83,7.92,10.0,7.92,7.58,10.0,10.0,84.67
Uganda,7.92,7.75,7.92,7.75,7.67,10.0,7.83,7.83,10.0,10.0,84.67
Peru,7.75,7.75,7.67,7.83,7.92,10.0,7.92,7.83,10.0,10.0,84.67
Ethiopia,8.0,7.75,7.42,7.92,8.0,10.0,7.83,7.75,10.0,10.0,84.67
Kenya,7.75,7.83,7.92,7.92,7.58,10.0,7.83,7.75,10.0,10.0,84.58
Colombia,7.92,7.58,7.83,7.83,7.67,10.0,8.08,7.67,10.0,10.0,84.58
Colombia,8.0,7.58,7.92,7.67,7.83,10.0,7.75,7.83,10.0,10.0,84.58
Kenya,7.75,7.83,7.83,7.83,7.58,10.0,7.92,7.83,10.0,10.0,84.58
Guatemala,7.92,7.67,7.75,7.83,7.75,10.0,7.83,7.83,10.0,10.0,84.58
Guatemala,7.58,7.67,8.0,7.67,7.58,10.0,8.17,7.92,10.0,10.0,84.58
Colombia,7.75,7.58,7.67,8.5,7.58,10.0,7.83,7.67,10.0,10.0,84.58
Colombia,7.75,7.83,7.75,8.0,7.58,10.0,7.92,7.75,10.0,10.0,84.58
Kenya,8.08,7.75,7.75,7.75,7.75,10.0,7.75,7.75,10.0,10.0,84.58
Colombia,8.0,7.83,7.67,7.92,7.58,10.0,7.75,7.83,10.0,10.0,84.58
Costa Rica,8.0,7.75,7.75,7.67,7.83,10.0,7.75,7.83,10.0,10.0,84.58
Colombia,7.75,7.75,7.42,7.83,8.08,10.0,8.08,7.67,10.0,10.0,84.58
Brazil,7.75,7.75,8.0,7.75,7.58,10.0,7.75,8.0,10.0,10.0,84.58
Brazil,7.75,7.5,8.5,7.83,7.5,10.0,7.5,8.0,10.0,10.0,84.58
Costa Rica,7.75,7.92,7.92,7.58,7.67,10.0,8.0,7.67,10.0,10.0,84.5
Uganda,7.75,7.67,7.92,7.75,7.83,10.0,7.83,7.75,10.0,10.0,84.5
China,7.83,7.67,7.75,7.67,7.75,10.0,7.92,7.92,10.0,10.0,84.5
Costa Rica,7.83,7.83,7.92,7.58,7.58,10.0,7.92,7.83,10.0,10.0,84.5
Colombia,7.83,7.83,8.08,7.67,7.67,10.0,7.75,7.67,10.0,10.0,84.5
China,7.83,7.75,7.67,7.58,7.75,10.0,7.92,8.0,10.0,10.0,84.5
Guatemala,7.83,7.67,8.17,7.83,7.67,10.0,7.5,7.83,10.0,10.0,84.5
Kenya,8.0,7.67,7.92,7.75,7.67,10.0,7.67,7.83,10.0,10.0,84.5
Mexico,8.08,7.42,8.0,7.67,7.5,10.0,7.92,7.92,10.0,10.0,84.5
Mexico,7.75,7.75,7.92,7.83,7.75,10.0,7.67,7.83,10.0,10.0,84.5
Guatemala,8.0,7.67,7.67,7.83,7.5,10.0,7.83,8.0,10.0,10.0,84.5
Brazil,7.75,7.88,7.81,8.25,7.38,10.0,8.13,7.81,10.0,9.5,84.5
Brazil,7.75,7.75,8.17,7.75,7.67,10.0,7.75,7.67,10.0,10.0,84.5
Costa Rica,8.0,7.83,7.58,7.58,7.67,10.0,7.92,7.83,10.0,10.0,84.42
Indonesia,7.58,7.83,7.67,7.83,7.83,10.0,8.0,7.67,10.0,10.0,84.42
Colombia,7.67,7.75,7.92,7.67,7.92,10.0,7.67,7.83,10.0,10.0,84.42
Colombia,7.92,7.67,7.92,7.75,7.67,10.0,7.75,7.75,10.0,10.0,84.42
Taiwan,8.0,7.75,7.83,7.75,7.5,10.0,7.75,7.83,10.0,10.0,84.42
United States of America,7.83,7.5,7.92,7.92,7.5,10.0,7.83,7.92,10.0,10.0,84.42
Mexico,7.67,7.75,7.75,7.67,7.83,10.0,7.83,7.92,10.0,10.0,84.42
Ethiopia,7.92,7.83,7.5,7.75,7.92,10.0,7.75,7.75,10.0,10.0,84.42
Kenya,7.75,7.83,7.33,7.92,7.75,10.0,8.17,7.58,10.0,10.0,84.33
Honduras,7.67,7.75,7.92,7.75,7.67,10.0,7.58,8.0,10.0,10.0,84.33
Colombia,7.83,7.5,7.58,8.5,7.67,10.0,7.5,7.75,10.0,10.0,84.33
Honduras,7.75,7.58,7.58,7.75,7.92,10.0,7.83,7.92,10.0,10.0,84.33
Colombia,7.83,7.75,7.67,7.83,7.75,10.0,7.83,7.67,10.0,10.0,84.33
Colombia,7.67,8.0,7.75,7.83,8.08,10.0,7.33,7.67,10.0,10.0,84.33
Colombia,7.83,7.33,7.75,8.08,7.58,10.0,8.17,7.58,10.0,10.0,84.33
Mexico,7.83,7.75,8.0,7.67,7.5,10.0,7.83,7.75,10.0,10.0,84.33
Brazil,7.75,7.5,8.17,7.67,7.5,10.0,7.75,8.0,10.0,10.0,84.33
Brazil,7.5,7.5,8.0,7.75,7.67,10.0,7.92,8.0,10.0,10.0,84.33
Ethiopia,7.75,7.92,7.75,7.92,7.5,10.0,7.75,7.75,10.0,10.0,84.33
Guatemala,7.67,7.75,7.5,7.92,7.92,10.0,7.92,7.67,10.0,10.0,84.33
Taiwan,7.67,7.75,7.92,7.83,7.67,10.0,7.67,7.75,10.0,10.0,84.25
Thailand,7.42,7.75,7.83,7.67,7.83,10.0,8.0,7.75,10.0,10.0,84.25
Colombia,7.58,7.75,7.83,8.0,7.67,10.0,7.83,7.58,10.0,10.0,84.25
Guatemala,7.92,7.58,7.75,7.75,7.75,10.0,7.75,7.75,10.0,10.0,84.25
Guatemala,8.08,7.5,7.75,7.67,7.58,10.0,7.75,7.92,10.0,10.0,84.25
China,7.75,7.58,7.83,7.75,7.75,10.0,7.75,7.83,10.0,10.0,84.25
Colombia,7.75,7.75,7.67,7.92,7.67,10.0,7.83,7.67,10.0,10.0,84.25
Colombia,7.58,7.75,7.83,7.75,7.92,10.0,7.75,7.67,10.0,10.0,84.25
Colombia,7.58,7.83,7.83,7.75,7.67,10.0,7.83,7.75,10.0,10.0,84.25
Colombia,7.75,7.83,7.42,7.83,7.92,10.0,7.83,7.67,10.0,10.0,84.25
United Republic of Tanzania,7.83,7.75,7.83,7.67,7.67,10.0,7.83,7.67,10.0,10.0,84.25
United Republic of Tanzania,7.75,7.75,7.83,7.75,7.67,10.0,7.75,7.75,10.0,10.0,84.25
Guatemala,7.92,7.5,7.83,7.75,7.58,10.0,7.83,7.83,10.0,10.0,84.25
Colombia,7.83,7.75,7.58,7.83,7.92,10.0,7.83,7.5,10.0,10.0,84.25
United States of America,7.92,7.92,7.33,8.08,7.92,10.0,7.83,7.92,9.33,10.0,84.25
Mexico,7.83,7.67,7.83,7.75,7.5,10.0,7.75,7.92,10.0,10.0,84.25
Mexico,7.67,7.75,7.83,7.58,7.83,10.0,7.75,7.83,10.0,10.0,84.25
Mexico,7.75,7.67,7.83,7.75,7.5,10.0,7.83,7.92,10.0,10.0,84.25
Uganda,7.67,7.58,8.17,7.58,7.83,10.0,7.67,7.75,10.0,10.0,84.25
Guatemala,7.83,7.58,7.75,7.75,7.67,10.0,7.75,7.83,10.0,10.0,84.17
Colombia,7.67,7.58,7.83,7.83,7.75,10.0,7.75,7.75,10.0,10.0,84.17
Costa Rica,7.67,7.67,7.92,7.67,7.5,10.0,8.0,7.75,10.0,10.0,84.17
Guatemala,8.0,7.58,7.75,7.83,7.67,10.0,7.58,7.75,10.0,10.0,84.17
Guatemala,7.92,7.58,7.75,7.67,7.67,10.0,7.67,7.92,10.0,10.0,84.17
Guatemala,7.83,7.58,7.58,7.67,7.83,10.0,7.83,7.83,10.0,10.0,84.17
Colombia,7.67,7.5,8.0,7.83,8.0,10.0,7.67,7.5,10.0,10.0,84.17
Nicaragua,7.5,7.83,7.67,7.83,7.67,10.0,7.83,7.83,10.0,10.0,84.17
Brazil,7.67,7.75,7.67,7.75,7.83,10.0,7.75,7.75,10.0,10.0,84.17
Costa Rica,7.75,7.67,7.67,8.0,7.5,10.0,7.83,7.75,10.0,10.0,84.17
Ethiopia,7.83,7.58,7.5,7.83,7.75,10.0,7.75,7.92,10.0,10.0,84.17
United Republic of Tanzania,7.75,7.75,7.92,7.58,7.75,10.0,7.67,7.75,10.0,10.0,84.17
Colombia,7.42,7.67,7.67,8.58,7.83,10.0,7.5,7.5,10.0,10.0,84.17
Guatemala,7.75,7.67,7.67,7.75,7.75,10.0,7.83,7.75,10.0,10.0,84.17
Kenya,7.75,7.75,7.58,7.83,7.75,10.0,7.75,7.75,10.0,10.0,84.17
Brazil,7.67,7.75,7.58,8.0,7.67,10.0,7.67,7.83,10.0,10.0,84.17
Guatemala,7.67,7.67,7.92,7.92,7.83,10.0,7.42,7.75,10.0,10.0,84.17
El Salvador,7.17,7.5,8.42,8.17,7.58,10.0,7.92,8.08,10.0,9.33,84.17
Colombia,7.75,7.75,7.75,7.75,7.83,10.0,7.58,7.75,10.0,10.0,84.17
Guatemala,8.0,7.5,7.83,7.83,7.83,10.0,7.67,7.5,10.0,10.0,84.17
Uganda,7.83,7.5,7.83,7.75,7.83,10.0,7.67,7.75,10.0,10.0,84.17
Indonesia,7.75,7.56,7.81,7.75,7.63,10.0,7.75,7.88,10.0,10.0,84.13
Colombia,7.5,7.42,7.83,8.5,7.83,10.0,7.5,7.5,10.0,10.0,84.08
Taiwan,7.67,7.67,7.58,7.83,7.75,10.0,7.92,7.67,10.0,10.0,84.08
Guatemala,7.58,7.5,8.0,7.67,7.92,10.0,7.67,7.75,10.0,10.0,84.08
Colombia,7.75,7.67,7.92,7.67,7.67,10.0,7.67,7.75,10.0,10.0,84.08
Guatemala,8.0,7.67,7.58,7.67,7.75,10.0,7.67,7.75,10.0,10.0,84.08
United States of America,7.83,7.83,7.83,8.08,7.42,10.0,8.0,7.75,10.0,9.33,84.08
Mexico,7.75,7.67,7.67,7.75,7.67,10.0,7.83,7.75,10.0,10.0,84.08
Ethiopia,8.0,7.83,7.92,7.92,7.92,10.0,7.92,7.92,8.67,10.0,84.08
Costa Rica,7.75,7.67,7.58,7.75,7.83,10.0,7.67,7.75,10.0,10.0,84.0
Ethiopia,7.75,7.67,7.83,7.75,7.33,10.0,7.92,7.75,10.0,10.0,84.0
Honduras,7.92,7.75,7.42,7.58,7.75,10.0,7.75,7.83,10.0,10.0,84.0
Guatemala,7.92,7.58,7.67,7.67,7.75,10.0,7.58,7.83,10.0,10.0,84.0
Colombia,7.58,7.83,7.67,7.83,7.58,10.0,7.83,7.67,10.0,10.0,84.0
Guatemala,7.92,7.42,7.92,7.83,7.75,10.0,7.5,7.67,10.0,10.0,84.0
Guatemala,7.83,7.5,7.75,7.67,7.58,10.0,7.83,7.83,10.0,10.0,84.0
Colombia,7.67,7.67,7.67,7.75,7.67,10.0,7.83,7.75,10.0,10.0,84.0
Colombia,7.92,7.75,7.58,7.92,7.75,10.0,7.67,7.42,10.0,10.0,84.0
Colombia,7.5,7.5,7.67,7.67,7.67,10.0,8.33,7.67,10.0,10.0,84.0
Ethiopia,7.58,7.5,7.75,7.92,7.67,10.0,7.83,7.75,10.0,10.0,84.0
Brazil,7.25,7.67,7.58,7.75,8.0,10.0,7.92,7.83,10.0,10.0,84.0
Colombia,7.75,7.67,7.67,7.75,7.67,10.0,7.67,7.83,10.0,10.0,84.0
Kenya,7.75,7.5,7.67,7.67,7.92,10.0,7.67,7.83,10.0,10.0,84.0
Thailand,8.42,8.17,7.92,8.17,8.08,8.67,8.42,8.17,9.33,8.67,84.0
Kenya,7.75,7.67,7.67,7.67,7.83,10.0,7.67,7.75,10.0,10.0,84.0
Uganda,7.67,7.58,7.92,7.83,7.67,10.0,7.58,7.75,10.0,10.0,84.0
Thailand,7.75,7.58,7.58,7.75,7.58,10.0,8.0,7.75,10.0,10.0,84.0
Brazil,7.5,7.58,7.5,7.5,7.58,10.0,8.5,7.75,10.0,10.0,83.92
Mexico,7.92,7.58,7.83,7.5,7.42,10.0,7.83,7.83,10.0,10.0,83.92
Thailand,7.67,7.5,7.67,7.83,7.67,10.0,7.83,7.75,10.0,10.0,83.92
Brazil,7.75,7.67,7.58,7.83,7.58,10.0,7.83,7.67,10.0,10.0,83.92
Taiwan,7.75,7.83,7.83,7.75,7.83,10.0,7.83,7.75,10.0,9.33,83.92
Colombia,7.75,7.5,7.75,7.75,7.83,10.0,7.67,7.67,10.0,10.0,83.92
Colombia,7.83,7.5,7.75,7.92,7.75,10.0,7.58,7.58,10.0,10.0,83.92
Taiwan,7.75,7.58,7.75,7.67,7.75,10.0,7.67,7.75,10.0,10.0,83.92
Colombia,7.83,7.5,7.92,7.67,7.58,10.0,7.75,7.67,10.0,10.0,83.92
Colombia,7.58,7.58,7.83,7.75,7.75,10.0,7.67,7.75,10.0,10.0,83.92
Colombia,7.83,7.67,7.75,7.67,7.83,10.0,7.58,7.58,10.0,10.0,83.92
Taiwan,7.92,7.92,8.0,7.33,7.67,10.0,7.17,7.92,10.0,10.0,83.92
Colombia,7.75,7.67,7.67,7.83,7.67,10.0,7.5,7.83,10.0,10.0,83.92
Mexico,7.67,7.58,7.67,7.83,7.75,10.0,7.67,7.75,10.0,10.0,83.92
Mexico,7.83,7.58,7.5,7.75,7.75,10.0,7.83,7.67,10.0,10.0,83.92
Mexico,7.92,7.83,7.75,7.67,7.75,10.0,7.75,7.92,10.0,9.33,83.92
Colombia,7.83,7.5,7.92,7.67,7.58,10.0,7.75,7.58,10.0,10.0,83.83
Colombia,7.75,7.5,7.83,7.75,7.75,10.0,7.58,7.67,10.0,10.0,83.83
Costa Rica,7.67,7.75,7.67,7.75,7.5,10.0,7.83,7.67,10.0,10.0,83.83
Guatemala,7.75,7.5,7.75,7.58,7.83,10.0,7.67,7.75,10.0,10.0,83.83
Taiwan,7.75,7.5,7.75,7.67,7.75,10.0,7.75,7.67,10.0,10.0,83.83
Brazil,8.0,7.42,7.25,7.83,7.75,10.0,8.0,7.58,10.0,10.0,83.83
Taiwan,7.75,7.67,7.67,7.75,7.42,10.0,7.83,7.75,10.0,10.0,83.83
Ethiopia,7.67,7.67,7.75,7.67,7.58,10.0,7.75,7.75,10.0,10.0,83.83
Brazil,7.5,7.58,7.67,8.17,7.83,10.0,8.08,7.67,9.33,10.0,83.83
Costa Rica,7.83,7.5,7.83,7.83,7.75,10.0,7.67,7.42,10.0,10.0,83.83
Guatemala,8.0,7.33,7.58,7.75,7.58,10.0,7.75,7.83,10.0,10.0,83.83
Brazil,7.67,7.33,7.92,7.5,8.17,10.0,7.75,7.5,10.0,10.0,83.83
Ecuador,7.75,7.58,7.5,7.83,7.83,10.0,7.67,7.67,10.0,10.0,83.83
Colombia,7.83,7.58,7.67,7.67,7.58,10.0,7.92,7.58,10.0,10.0,83.83
Guatemala,7.83,7.5,7.5,7.67,7.83,10.0,7.67,7.83,10.0,10.0,83.83
Mexico,7.42,7.67,7.67,7.5,7.67,10.0,7.92,8.0,10.0,10.0,83.83
Mexico,7.75,7.5,7.67,7.75,7.75,10.0,7.83,7.58,10.0,10.0,83.83
Brazil,7.67,7.58,7.83,7.58,7.5,10.0,7.83,7.83,10.0,10.0,83.83
Thailand,8.0,7.58,7.75,7.58,7.67,10.0,7.5,7.75,10.0,10.0,83.83
Thailand,7.58,7.58,7.5,7.83,7.75,10.0,7.75,7.83,10.0,10.0,83.83
Ethiopia,8.0,7.58,7.58,7.5,7.83,10.0,7.5,7.83,10.0,10.0,83.83
Kenya,7.58,7.5,7.75,7.75,7.75,10.0,7.83,7.58,10.0,10.0,83.75
Brazil,7.75,7.58,7.67,7.67,7.67,10.0,7.75,7.67,10.0,10.0,83.75
Colombia,7.58,7.58,7.83,7.58,7.58,10.0,7.75,7.83,10.0,10.0,83.75
Taiwan,7.58,7.58,7.67,7.83,7.67,10.0,7.75,7.67,10.0,10.0,83.75
Colombia,7.67,7.5,7.92,7.5,7.75,10.0,7.67,7.75,10.0,10.0,83.75
China,7.5,7.67,7.83,7.67,7.58,10.0,7.75,7.75,10.0,10.0,83.75
Colombia,7.67,7.5,7.75,7.83,7.58,10.0,7.75,7.67,10.0,10.0,83.75
Uganda,7.75,7.58,8.0,7.5,7.33,10.0,7.67,7.92,10.0,10.0,83.75
United States of America,7.67,7.83,7.83,8.17,8.0,9.33,7.75,7.83,10.0,9.33,83.75
Colombia,7.92,7.67,7.67,7.67,7.5,10.0,7.67,7.67,10.0,10.0,83.75
Colombia,7.42,7.42,7.67,8.33,8.0,10.0,7.5,7.42,10.0,10.0,83.75
Colombia,7.67,7.75,7.58,7.67,7.67,10.0,7.75,7.67,10.0,10.0,83.75
Colombia,7.58,7.75,7.75,8.0,7.42,10.0,7.58,7.67,10.0,10.0,83.75
United States of America,7.58,7.67,7.25,8.25,7.83,10.0,7.75,7.42,10.0,10.0,83.75
Mexico,7.5,7.58,7.83,7.67,7.75,10.0,7.83,7.58,10.0,10.0,83.75
Guatemala,7.67,7.58,7.67,7.75,7.75,10.0,7.75,7.58,10.0,10.0,83.75
Colombia,7.33,7.58,7.83,7.67,7.42,10.0,8.08,7.83,10.0,10.0,83.75
Colombia,7.25,7.25,7.75,8.5,7.58,10.0,7.75,7.67,10.0,10.0,83.75
United States of America,7.67,7.75,7.83,7.5,7.58,10.0,7.75,7.67,10.0,10.0,83.75
Brazil,7.67,7.5,7.67,7.5,7.67,10.0,7.83,7.83,10.0,10.0,83.67
Kenya,7.58,7.67,8.08,7.67,7.25,10.0,7.75,7.67,10.0,10.0,83.67
Honduras,7.67,7.67,7.5,8.0,8.0,10.0,7.33,7.5,10.0,10.0,83.67
Nicaragua,7.67,7.67,7.67,7.58,7.83,10.0,7.5,7.75,10.0,10.0,83.67
Brazil,7.75,7.58,7.58,7.58,7.58,10.0,7.83,7.75,10.0,10.0,83.67
Taiwan,7.92,7.33,7.5,7.67,7.83,10.0,7.75,7.67,10.0,10.0,83.67
Costa Rica,7.5,7.67,7.33,7.5,7.67,10.0,8.33,7.67,10.0,10.0,83.67
Thailand,7.83,7.58,7.5,7.58,7.67,10.0,7.75,7.75,10.0,10.0,83.67
Colombia,7.75,7.5,7.5,7.67,7.67,10.0,7.83,7.75,10.0,10.0,83.67
Guatemala,8.0,7.33,8.0,8.0,8.0,10.0,7.5,7.5,10.0,9.33,83.67
Colombia,7.58,7.67,7.83,7.67,7.58,10.0,7.58,7.75,10.0,10.0,83.67
Colombia,7.67,7.67,7.67,7.75,7.33,10.0,7.92,7.67,10.0,10.0,83.67
Guatemala,7.67,7.42,7.67,7.75,8.0,10.0,7.5,7.67,10.0,10.0,83.67
Guatemala,7.67,7.33,7.83,7.83,7.67,10.0,7.67,7.67,10.0,10.0,83.67
Colombia,7.83,7.58,7.75,7.75,7.17,10.0,7.83,7.75,10.0,10.0,83.67
Guatemala,7.67,7.83,8.17,7.75,8.08,9.33,8.0,8.17,9.33,9.33,83.67
Guatemala,7.42,7.5,7.67,7.83,7.58,10.0,7.5,8.17,10.0,10.0,83.67
Mexico,7.33,7.5,7.67,8.25,7.83,10.0,7.58,7.5,10.0,10.0,83.67
Indonesia,7.58,7.58,8.17,7.67,7.42,10.0,7.58,7.67,10.0,10.0,83.67
Guatemala,8.0,7.33,7.67,7.67,7.67,10.0,7.83,7.5,10.0,10.0,83.67
United States of America,8.08,7.92,7.75,8.0,7.75,9.33,8.17,8.0,9.33,9.33,83.67
Brazil,7.58,7.58,7.58,7.58,7.67,10.0,7.92,7.67,10.0,10.0,83.58
Guatemala,7.83,7.5,7.75,7.58,7.58,10.0,7.58,7.75,10.0,10.0,83.58
Colombia,7.58,7.58,7.75,7.58,7.67,10.0,7.67,7.75,10.0,10.0,83.58
China,7.58,7.58,7.67,7.75,7.67,10.0,7.75,7.58,10.0,10.0,83.58
Colombia,7.67,7.58,7.67,7.58,7.75,10.0,7.58,7.75,10.0,10.0,83.58
Mexico,7.58,7.58,7.75,7.67,7.5,10.0,7.75,7.75,10.0,10.0,83.58
Ethiopia,7.67,7.58,7.75,7.67,7.5,10.0,7.75,7.67,10.0,10.0,83.58
Uganda,7.75,7.42,7.67,7.67,7.75,10.0,7.67,7.67,10.0,10.0,83.58
Colombia,7.67,7.67,7.67,7.67,7.67,10.0,7.67,7.58,10.0,10.0,83.58
Colombia,7.58,7.67,7.67,7.75,7.67,10.0,7.67,7.58,10.0,10.0,83.58
Colombia,7.58,7.5,7.75,7.83,7.75,10.0,7.58,7.58,10.0,10.0,83.58
Taiwan,7.75,7.75,7.75,7.58,7.5,10.0,7.5,7.75,10.0,10.0,83.58
Colombia,7.67,7.58,7.67,7.58,7.75,10.0,7.67,7.67,10.0,10.0,83.58
Mexico,7.58,7.58,7.83,7.58,7.67,10.0,7.67,7.67,10.0,10.0,83.58
Colombia,7.58,7.58,7.67,7.75,7.67,10.0,7.75,7.58,10.0,10.0,83.58
Brazil,7.75,7.5,7.83,7.58,7.5,10.0,7.67,7.75,10.0,10.0,83.58
Colombia,7.75,7.58,7.75,7.5,7.75,10.0,7.58,7.58,10.0,10.0,83.5
Taiwan,7.17,7.17,7.58,7.0,7.0,10.0,10.0,7.58,10.0,10.0,83.5
Costa Rica,7.67,7.5,7.92,7.67,7.5,10.0,7.83,7.42,10.0,10.0,83.5
Colombia,7.5,7.58,7.75,7.75,7.75,10.0,7.58,7.58,10.0,10.0,83.5
Guatemala,7.83,7.5,7.67,7.58,7.58,10.0,7.58,7.75,10.0,10.0,83.5
Colombia,7.58,7.58,7.58,7.67,7.75,10.0,7.75,7.58,10.0,10.0,83.5
United Republic of Tanzania,7.67,7.58,7.75,7.58,7.67,10.0,7.58,7.67,10.0,10.0,83.5
Indonesia,7.92,7.58,7.25,7.58,7.83,10.0,7.67,7.67,10.0,10.0,83.5
Ethiopia,7.58,7.5,7.67,7.67,7.75,10.0,7.58,7.75,10.0,10.0,83.5
Colombia,7.83,7.67,7.67,7.67,7.58,10.0,7.67,7.42,10.0,10.0,83.5
Colombia,7.58,7.25,8.0,7.58,7.92,10.0,7.58,7.58,10.0,10.0,83.5
Guatemala,7.83,7.5,7.58,7.67,7.42,10.0,7.75,7.75,10.0,10.0,83.5
Colombia,7.5,7.33,7.75,7.83,7.83,10.0,7.67,7.58,10.0,10.0,83.5
Honduras,7.5,7.67,7.67,7.67,7.67,10.0,7.83,7.5,10.0,10.0,83.5
Colombia,7.67,7.42,7.58,7.67,7.75,10.0,7.67,7.75,10.0,10.0,83.5
Colombia,7.75,7.58,7.58,7.75,7.58,10.0,7.58,7.67,10.0,10.0,83.5
Mexico,7.5,7.25,7.83,7.42,7.5,10.0,8.42,7.58,10.0,10.0,83.5
Mexico,7.75,7.67,7.67,7.5,7.58,10.0,7.58,7.75,10.0,10.0,83.5
Mexico,7.75,7.67,7.75,7.5,7.33,10.0,7.83,7.67,10.0,10.0,83.5
Guatemala,8.0,7.5,7.83,7.5,7.67,10.0,7.5,7.5,10.0,10.0,83.5
Colombia,7.67,7.58,7.67,7.67,7.67,10.0,7.67,7.58,10.0,10.0,83.5
Guatemala,7.5,7.75,7.5,7.67,8.0,10.0,7.58,7.5,10.0,10.0,83.5
United States of America,7.92,7.58,7.5,7.67,7.58,10.0,7.58,7.67,10.0,10.0,83.5
Indonesia,7.58,7.58,7.83,7.58,7.75,10.0,7.58,7.58,10.0,10.0,83.5
Colombia,7.5,7.58,7.5,7.83,7.75,10.0,7.67,7.58,10.0,10.0,83.42
Guatemala,7.58,7.5,7.67,7.67,7.58,10.0,7.67,7.75,10.0,10.0,83.42
Colombia,7.67,7.5,7.67,7.58,7.67,10.0,7.67,7.67,10.0,10.0,83.42
Costa Rica,7.92,7.42,7.58,7.67,7.5,10.0,7.83,7.5,10.0,10.0,83.42
Taiwan,7.08,7.0,7.67,7.0,7.0,10.0,10.0,7.67,10.0,10.0,83.42
Uganda,7.75,7.33,7.58,7.58,7.67,10.0,7.75,7.75,10.0,10.0,83.42
Thailand,7.5,7.75,7.5,7.67,7.75,10.0,7.67,7.58,10.0,10.0,83.42
El Salvador,7.58,7.75,7.58,7.67,7.75,10.0,7.58,7.5,10.0,10.0,83.42
Colombia,7.67,7.58,7.58,7.67,7.58,10.0,7.67,7.67,10.0,10.0,83.42
Brazil,7.5,7.75,7.33,7.83,7.42,10.0,7.75,7.83,10.0,10.0,83.42
United Republic of Tanzania,7.67,7.58,7.75,7.58,7.58,10.0,7.58,7.67,10.0,10.0,83.42
Colombia,7.75,7.25,7.58,8.58,7.75,10.0,7.58,7.58,10.0,9.33,83.42
Guatemala,7.83,7.33,7.75,7.67,7.5,10.0,7.5,7.83,10.0,10.0,83.42
Guatemala,7.83,7.5,7.67,7.5,7.58,10.0,7.58,7.75,10.0,10.0,83.42
Guatemala,7.42,7.75,7.67,7.75,7.75,10.0,7.58,7.5,10.0,10.0,83.42
United States of America,7.58,7.67,7.42,7.67,7.67,10.0,7.67,7.75,10.0,10.0,83.42
Colombia,7.5,7.58,7.5,7.75,7.67,10.0,7.67,7.75,10.0,10.0,83.42
Colombia,7.67,7.58,7.58,7.67,7.75,10.0,7.58,7.58,10.0,10.0,83.42
United States of America,7.67,7.42,7.5,7.58,7.83,10.0,7.5,7.92,10.0,10.0,83.42
Thailand,7.92,7.5,7.58,7.42,7.92,10.0,7.83,7.25,10.0,10.0,83.42
Mexico,7.63,7.38,7.25,8.75,7.5,10.0,8.0,7.88,10.0,9.0,83.38
Colombia,7.58,7.75,7.75,7.58,7.58,10.0,7.58,7.5,10.0,10.0,83.33
Colombia,7.42,7.58,7.67,7.75,7.67,10.0,7.67,7.58,10.0,10.0,83.33
Colombia,7.58,7.58,7.83,7.58,7.5,10.0,7.67,7.58,10.0,10.0,83.33
Brazil,7.58,7.33,7.5,7.92,7.58,10.0,7.58,7.83,10.0,10.0,83.33
Mexico,7.67,7.5,7.75,7.58,7.5,10.0,7.58,7.75,10.0,10.0,83.33
Colombia,7.83,7.42,7.67,7.42,7.83,10.0,7.42,7.75,10.0,10.0,83.33
United Republic of Tanzania,7.58,7.67,7.75,7.58,7.58,10.0,7.58,7.58,10.0,10.0,83.33
Mexico,7.67,7.58,7.67,7.58,7.5,10.0,7.67,7.67,10.0,10.0,83.33
Costa Rica,7.67,7.42,7.67,7.67,7.67,10.0,7.58,7.67,10.0,10.0,83.33
United States of America,7.67,7.83,7.83,8.0,7.92,10.0,7.83,7.58,9.33,9.33,83.33
Costa Rica,7.5,7.67,7.5,7.17,7.83,10.0,8.0,7.67,10.0,10.0,83.33
Peru,7.83,7.58,7.83,7.58,7.92,10.0,7.5,7.75,10.0,9.33,83.33
Haiti,7.5,7.67,7.58,7.42,7.83,10.0,7.83,7.5,10.0,10.0,83.33
Colombia,7.67,7.5,7.67,7.42,7.92,10.0,7.5,7.67,10.0,10.0,83.33
Guatemala,7.67,7.17,7.83,7.67,7.67,10.0,7.67,7.67,10.0,10.0,83.33
United States of America,7.83,7.58,7.92,7.67,7.67,10.0,7.83,7.5,10.0,9.33,83.33
Burundi,7.5,7.33,7.75,7.75,7.5,10.0,7.83,7.67,10.0,10.0,83.33
Colombia,7.58,7.67,7.5,7.58,7.67,10.0,7.67,7.67,10.0,10.0,83.33
United States of America,7.75,7.83,8.08,7.58,7.67,10.0,7.92,7.83,9.33,9.33,83.33
United States of America,7.5,7.58,7.58,7.67,7.83,10.0,7.5,7.67,10.0,10.0,83.33
Mexico,7.83,7.42,7.67,7.5,7.33,10.0,7.67,7.83,10.0,10.0,83.25
Costa Rica,7.5,7.83,7.5,7.67,7.67,10.0,7.58,7.5,10.0,10.0,83.25
Costa Rica,7.67,7.42,7.83,7.67,7.5,10.0,7.67,7.5,10.0,10.0,83.25
Guatemala,7.83,7.42,7.5,7.58,7.67,10.0,7.67,7.58,10.0,10.0,83.25
Uganda,7.42,7.67,7.5,7.67,7.67,10.0,7.67,7.67,10.0,10.0,83.25
Brazil,7.5,7.42,7.58,7.42,7.67,10.0,8.0,7.67,10.0,10.0,83.25
Colombia,7.17,7.67,7.58,7.83,7.75,10.0,7.58,7.67,10.0,10.0,83.25
Mexico,7.58,7.5,7.83,7.58,7.58,10.0,7.42,7.75,10.0,10.0,83.25
Taiwan,7.5,7.5,7.67,7.83,7.67,10.0,7.58,7.5,10.0,10.0,83.25
Taiwan,7.58,7.75,7.92,7.33,7.5,10.0,7.33,7.83,10.0,10.0,83.25
Colombia,7.58,7.5,7.58,7.75,7.58,10.0,7.67,7.58,10.0,10.0,83.25
Guatemala,7.67,7.58,7.5,7.5,7.67,10.0,7.67,7.67,10.0,10.0,83.25
Colombia,7.33,7.67,7.83,7.67,7.67,10.0,7.58,7.5,10.0,10.0,83.25
Mexico,7.5,7.5,7.58,7.58,7.58,10.0,7.75,7.75,10.0,10.0,83.25
United States of America,8.0,7.83,7.58,7.67,8.08,10.0,7.67,7.75,9.33,9.33,83.25
Mexico,7.58,7.58,7.75,7.58,7.5,10.0,7.67,7.58,10.0,10.0,83.25
Mexico,7.92,7.42,7.75,7.5,7.33,10.0,7.58,7.75,10.0,10.0,83.25
Guatemala,7.83,7.08,7.83,8.08,7.42,10.0,7.42,7.58,10.0,10.0,83.25
Brazil,7.58,7.5,7.75,7.58,7.58,10.0,7.58,7.67,10.0,10.0,83.25
Colombia,7.42,7.58,7.67,7.58,7.83,10.0,7.58,7.58,10.0,10.0,83.25
Colombia,7.5,7.5,7.67,7.67,7.58,10.0,7.67,7.67,10.0,10.0,83.25
Colombia,7.42,7.25,7.92,7.58,7.83,10.0,7.5,7.75,10.0,10.0,83.25
Colombia,7.25,7.67,8.0,7.5,7.67,10.0,7.5,7.67,10.0,10.0,83.25
Colombia,7.42,7.5,7.92,7.67,7.42,10.0,7.58,7.75,10.0,10.0,83.25
Brazil,7.58,7.5,7.67,7.58,7.67,10.0,7.75,7.42,10.0,10.0,83.17
Guatemala,7.67,7.33,7.58,7.58,7.75,10.0,7.67,7.58,10.0,10.0,83.17
United Republic of Tanzania,7.67,7.42,7.67,7.58,7.67,10.0,7.58,7.58,10.0,10.0,83.17
Peru,7.58,7.5,7.92,7.5,7.67,10.0,7.5,7.5,10.0,10.0,83.17
Vietnam,7.33,7.08,7.58,8.58,7.58,10.0,7.58,7.42,10.0,10.0,83.17
Guatemala,7.75,7.42,7.67,7.5,7.58,10.0,7.5,7.75,10.0,10.0,83.17
Honduras,7.67,7.5,7.67,7.67,7.5,10.0,7.5,7.67,10.0,10.0,83.17
China,7.67,7.33,7.5,7.67,7.67,10.0,7.67,7.67,10.0,10.0,83.17
China,7.67,7.5,7.67,7.58,7.42,10.0,7.67,7.67,10.0,10.0,83.17
El Salvador,7.67,7.33,7.5,7.67,8.0,10.0,7.5,7.5,10.0,10.0,83.17
Guatemala,7.83,7.5,7.5,7.5,7.58,10.0,7.5,7.75,10.0,10.0,83.17
Guatemala,7.75,7.42,7.92,7.5,7.5,10.0,7.42,7.67,10.0,10.0,83.17
Kenya,7.75,7.67,7.83,8.5,7.83,9.33,7.83,7.75,9.33,9.33,83.17
Thailand,7.75,7.58,7.67,7.67,7.42,10.0,7.5,7.58,10.0,10.0,83.17
United Republic of Tanzania,7.58,7.67,7.58,7.58,7.42,10.0,7.67,7.67,10.0,10.0,83.17
Colombia,7.67,7.5,7.58,7.67,7.5,10.0,7.75,7.5,10.0,10.0,83.17
Uganda,7.42,7.5,8.0,7.58,7.33,10.0,7.67,7.67,10.0,10.0,83.17
Colombia,7.58,7.5,7.58,7.58,7.58,10.0,7.58,7.75,10.0,10.0,83.17
Honduras,7.67,7.5,7.5,7.67,7.67,10.0,7.67,7.5,10.0,10.0,83.17
Honduras,7.67,7.5,7.67,7.67,7.5,10.0,7.5,7.67,10.0,10.0,83.17
Guatemala,8.17,7.17,7.33,7.67,7.33,10.0,7.67,7.83,10.0,10.0,83.17
United States of America,7.42,7.58,7.5,7.67,7.92,10.0,7.58,7.5,10.0,10.0,83.17
United Republic of Tanzania,7.75,7.58,7.58,7.58,7.58,10.0,7.58,7.5,10.0,10.0,83.17
Guatemala,7.67,7.33,7.67,7.67,7.5,10.0,7.5,7.83,10.0,10.0,83.17
Mexico,7.58,7.58,7.75,7.42,7.5,10.0,7.75,7.58,10.0,10.0,83.17
Mexico,7.5,7.58,7.75,7.58,7.42,10.0,7.67,7.67,10.0,10.0,83.17
Mexico,7.67,7.42,7.58,7.58,7.5,10.0,7.67,7.75,10.0,10.0,83.17
Colombia,7.5,7.5,7.67,8.17,7.58,10.0,7.25,7.5,10.0,10.0,83.17
Mexico,7.75,7.42,7.75,7.58,7.58,10.0,7.58,7.5,10.0,10.0,83.17
Colombia,7.58,7.5,7.58,7.67,7.67,10.0,7.5,7.67,10.0,10.0,83.17
Mexico,7.58,7.58,7.5,7.5,7.67,10.0,7.58,7.75,10.0,10.0,83.17
Brazil,7.5,7.58,7.75,7.58,7.58,10.0,7.5,7.67,10.0,10.0,83.17
Brazil,7.58,7.5,7.92,7.5,7.42,10.0,7.67,7.58,10.0,10.0,83.17
Guatemala,7.5,7.67,7.75,8.0,7.92,10.0,7.5,7.5,9.33,10.0,83.17
Brazil,7.5,7.58,7.75,7.5,7.75,10.0,7.58,7.5,10.0,10.0,83.17
Brazil,7.5,7.67,7.58,7.58,7.67,10.0,7.42,7.75,10.0,10.0,83.17
El Salvador,8.08,8.17,7.42,7.58,7.17,9.33,7.58,7.83,10.0,10.0,83.17
Ethiopia,8.08,7.67,7.75,7.92,7.83,9.33,7.92,8.0,9.33,9.33,83.17
Colombia,7.67,7.33,7.58,7.58,7.75,10.0,7.5,7.67,10.0,10.0,83.08
Colombia,7.42,7.5,7.75,7.75,8.0,10.0,7.17,7.5,10.0,10.0,83.08
Brazil,7.5,7.58,7.58,7.58,7.67,10.0,7.58,7.58,10.0,10.0,83.08
Brazil,7.33,7.67,7.33,7.42,7.75,10.0,7.92,7.67,10.0,10.0,83.08
Taiwan,7.83,7.5,7.83,7.25,7.67,10.0,7.75,7.92,10.0,9.33,83.08
Brazil,7.5,7.58,7.42,7.67,7.75,10.0,7.5,7.67,10.0,10.0,83.08
Brazil,7.42,7.67,7.58,7.5,7.42,10.0,7.67,7.83,10.0,10.0,83.08
Costa Rica,7.67,7.5,7.83,7.67,7.58,10.0,7.5,7.33,10.0,10.0,83.08
United States of America,7.33,7.58,7.33,7.67,7.83,10.0,7.58,7.75,10.0,10.0,83.08
Taiwan,7.5,7.5,7.75,7.5,7.5,10.0,7.58,7.75,10.0,10.0,83.08
United States of America,7.17,7.33,7.83,7.67,7.75,10.0,7.5,7.83,10.0,10.0,83.08
Mexico,7.75,7.42,7.75,7.5,7.5,10.0,7.5,7.67,10.0,10.0,83.08
United States of America,7.67,7.5,7.67,8.0,7.92,9.33,8.08,7.58,10.0,9.33,83.08
United States of America,7.92,7.58,7.33,7.58,7.67,10.0,7.42,7.58,10.0,10.0,83.08
Colombia,7.58,7.33,7.33,8.08,7.25,10.0,8.17,7.33,10.0,10.0,83.08
Colombia,7.25,7.33,7.83,7.92,7.42,10.0,7.58,7.75,10.0,10.0,83.08
Indonesia,7.58,7.5,7.67,7.58,7.67,10.0,7.5,7.58,10.0,10.0,83.08
Guatemala,7.25,7.67,7.92,7.67,7.83,10.0,7.75,7.67,10.0,9.33,83.08
Brazil,7.75,7.5,7.58,7.5,7.67,10.0,7.5,7.5,10.0,10.0,83.0
Brazil,7.67,7.58,7.5,7.5,7.58,10.0,7.58,7.58,10.0,10.0,83.0
Brazil,7.67,7.58,7.5,7.42,7.58,10.0,7.58,7.67,10.0,10.0,83.0
Uganda,7.42,7.42,7.67,7.5,7.83,10.0,7.58,7.58,10.0,10.0,83.0
Uganda,7.58,7.5,7.67,7.5,7.42,10.0,7.67,7.67,10.0,10.0,83.0
Colombia,7.67,7.33,7.67,7.58,7.5,10.0,7.58,7.67,10.0,10.0,83.0
Vietnam,7.58,7.58,7.75,7.67,7.42,10.0,8.0,7.67,10.0,9.33,83.0
Guatemala,7.92,7.33,7.67,7.5,7.42,10.0,7.42,7.75,10.0,10.0,83.0
Guatemala,7.75,7.33,7.75,7.42,7.5,10.0,7.58,7.67,10.0,10.0,83.0
Guatemala,7.67,7.25,7.83,7.5,7.75,10.0,7.33,7.67,10.0,10.0,83.0
Brazil,7.5,7.67,7.67,7.5,7.42,10.0,7.58,7.67,10.0,10.0,83.0
Taiwan,7.58,7.83,7.92,7.25,7.33,10.0,7.17,7.92,10.0,10.0,83.0
Uganda,7.5,7.5,7.83,7.5,7.58,10.0,7.5,7.58,10.0,10.0,83.0
United States of America,7.83,7.67,7.67,7.83,7.75,10.0,7.42,7.5,9.33,10.0,83.0
Guatemala,7.83,7.42,7.67,7.5,7.5,10.0,7.42,7.67,10.0,10.0,83.0
Costa Rica,7.58,7.5,7.67,7.5,7.5,10.0,7.67,7.58,10.0,10.0,83.0
Brazil,7.67,7.42,7.75,7.67,7.42,10.0,7.5,7.58,10.0,10.0,83.0
Colombia,7.5,7.33,7.75,7.17,7.58,10.0,8.25,7.42,10.0,10.0,83.0
Colombia,7.33,7.58,7.83,7.67,7.5,10.0,7.58,7.5,10.0,10.0,83.0
Colombia,7.42,7.75,7.33,7.58,7.75,10.0,7.5,7.67,10.0,10.0,83.0
Colombia,7.67,7.42,7.58,7.42,7.58,10.0,7.58,7.75,10.0,10.0,83.0
Colombia,7.58,7.42,7.5,7.58,7.75,10.0,7.67,7.5,10.0,10.0,83.0
Mexico,7.5,7.42,7.67,7.58,7.67,10.0,7.58,7.58,10.0,10.0,83.0
Mexico,7.58,7.5,7.67,7.67,7.58,10.0,7.83,7.83,10.0,9.33,83.0
Mexico,7.5,7.5,7.5,7.58,7.58,10.0,7.67,7.67,10.0,10.0,83.0
Colombia,7.5,7.5,7.67,7.5,7.75,10.0,7.5,7.58,10.0,10.0,83.0
Colombia,7.67,7.5,7.75,7.75,7.83,10.0,7.58,7.58,10.0,9.33,83.0
Colombia,7.58,7.58,7.67,7.42,7.67,10.0,7.5,7.58,10.0,10.0,83.0
Guatemala,7.67,7.5,7.5,7.83,7.5,10.0,7.33,7.67,10.0,10.0,83.0
Colombia,7.5,7.58,7.67,7.42,7.67,10.0,7.5,7.67,10.0,10.0,83.0
Thailand,7.5,7.58,7.33,7.67,7.75,10.0,7.5,7.67,10.0,10.0,83.0
Colombia,7.33,7.58,7.33,7.92,7.58,10.0,7.58,7.67,10.0,10.0,83.0
United States of America,7.83,7.67,7.83,7.83,7.92,9.33,8.08,7.83,9.33,9.33,83.0
United States of America,7.58,7.42,7.5,7.67,7.58,10.0,7.67,7.58,10.0,10.0,83.0
Colombia,7.67,7.67,7.5,7.58,7.58,10.0,7.42,7.58,10.0,10.0,83.0
Nicaragua,7.92,7.75,7.58,8.08,7.92,9.33,7.92,7.83,9.33,9.33,83.0
Thailand,7.75,7.42,7.5,7.5,8.17,10.0,7.42,7.25,10.0,10.0,83.0
Brazil,7.58,7.5,7.67,7.5,7.58,10.0,7.5,7.58,10.0,10.0,82.92
El Salvador,7.58,7.75,7.5,7.83,7.92,10.0,7.5,7.5,9.33,10.0,82.92
Colombia,7.33,7.5,7.58,7.58,7.67,10.0,7.58,7.67,10.0,10.0,82.92
Taiwan,7.67,7.25,7.17,7.58,7.67,10.0,7.75,7.83,10.0,10.0,82.92
Ethiopia,7.5,7.5,7.58,7.58,7.58,10.0,7.58,7.58,10.0,10.0,82.92
Taiwan,7.33,7.67,7.5,7.75,7.5,10.0,7.58,7.58,10.0,10.0,82.92
Philippines,7.58,7.67,7.58,7.5,7.5,10.0,7.5,7.58,10.0,10.0,82.92
Philippines,7.42,7.67,8.08,7.5,7.33,10.0,7.42,7.5,10.0,10.0,82.92
Mexico,7.58,7.25,7.83,7.5,7.5,10.0,7.58,7.67,10.0,10.0,82.92
Mexico,7.42,7.42,7.75,7.5,7.75,10.0,7.42,7.67,10.0,10.0,82.92
Brazil,7.83,7.5,7.08,7.67,7.75,10.0,7.58,7.5,10.0,10.0,82.92
Uganda,7.58,7.5,8.0,7.42,7.33,10.0,7.58,7.5,10.0,10.0,82.92
Uganda,7.5,7.58,7.75,7.5,7.5,10.0,7.5,7.58,10.0,10.0,82.92
Guatemala,7.58,7.42,7.75,7.5,7.67,10.0,7.5,7.5,10.0,10.0,82.92
Guatemala,7.5,7.42,7.67,7.5,7.33,10.0,7.67,7.83,10.0,10.0,82.92
Guatemala,7.58,7.25,7.58,7.58,7.58,10.0,7.75,7.58,10.0,10.0,82.92
Colombia,7.33,7.75,7.58,7.58,7.58,10.0,7.58,7.5,10.0,10.0,82.92
Colombia,7.5,7.25,7.75,7.5,7.75,10.0,7.67,7.5,10.0,10.0,82.92
Guatemala,7.92,7.25,7.83,7.17,7.5,10.0,7.5,7.75,10.0,10.0,82.92
Colombia,7.42,7.42,7.83,7.58,7.5,10.0,7.5,7.67,10.0,10.0,82.92
Mexico,7.25,7.33,7.58,7.75,7.58,10.0,7.83,7.58,10.0,10.0,82.92
Vietnam,7.58,7.17,7.67,7.42,8.08,10.0,7.67,7.33,10.0,10.0,82.92
Mexico,7.17,7.67,8.0,7.42,7.67,10.0,7.75,7.92,10.0,9.33,82.92
United States of America,7.42,7.5,7.5,7.83,7.67,10.0,7.5,7.5,10.0,10.0,82.92
Colombia,7.75,7.33,7.5,7.83,7.08,10.0,7.67,7.75,10.0,10.0,82.92
Thailand,7.17,7.5,7.42,8.0,7.5,10.0,7.75,7.58,10.0,10.0,82.92
Kenya,7.58,7.42,7.75,7.5,7.5,10.0,7.5,7.58,10.0,10.0,82.83
Guatemala,7.67,7.33,7.5,7.58,7.58,10.0,7.58,7.58,10.0,10.0,82.83
Brazil,7.5,7.58,7.67,7.42,7.5,10.0,7.58,7.58,10.0,10.0,82.83
El Salvador,7.83,7.67,7.33,7.67,7.33,10.0,7.33,7.67,10.0,10.0,82.83
Rwanda,7.83,7.75,7.83,7.75,7.75,9.33,8.0,7.92,9.33,9.33,82.83
Vietnam,7.42,7.5,7.25,7.42,7.75,10.0,7.92,7.58,10.0,10.0,82.83
Guatemala,7.67,7.33,7.58,7.5,7.67,10.0,7.5,7.58,10.0,10.0,82.83
Brazil,7.67,7.33,7.58,7.33,7.42,10.0,7.67,7.83,10.0,10.0,82.83
Colombia,7.58,7.5,7.83,7.67,7.5,10.0,7.08,7.67,10.0,10.0,82.83
United States of America,7.5,7.25,7.42,7.75,7.75,10.0,7.58,7.58,10.0,10.0,82.83
Guatemala,7.67,7.75,7.67,7.17,7.42,10.0,7.5,7.67,10.0,10.0,82.83
Colombia,7.5,7.58,7.5,7.58,7.58,10.0,7.67,7.42,10.0,10.0,82.83
Colombia,7.42,7.5,7.83,7.5,7.5,10.0,7.58,7.5,10.0,10.0,82.83
United Republic of Tanzania,7.25,7.33,7.67,7.75,7.58,10.0,7.75,7.5,10.0,10.0,82.83
Mexico,7.58,7.5,7.58,7.5,7.5,10.0,7.5,7.67,10.0,10.0,82.83
Mexico,7.75,7.42,7.67,7.42,7.42,10.0,7.58,7.58,10.0,10.0,82.83
Guatemala,7.5,7.33,7.67,7.92,7.33,10.0,7.42,7.67,10.0,10.0,82.83
Mexico,7.42,7.5,7.58,7.58,7.67,10.0,7.5,7.58,10.0,10.0,82.83
El Salvador,7.75,7.75,7.75,7.5,7.25,10.0,7.25,7.58,10.0,10.0,82.83
Guatemala,7.67,7.42,7.5,7.5,7.58,10.0,7.5,7.58,10.0,10.0,82.75
Guatemala,7.58,7.5,7.58,7.42,7.5,10.0,7.5,7.67,10.0,10.0,82.75
Guatemala,7.67,7.17,7.5,7.58,7.67,10.0,7.5,7.67,10.0,10.0,82.75
Guatemala,7.58,7.42,7.5,7.5,7.67,10.0,7.58,7.5,10.0,10.0,82.75
Guatemala,7.67,7.42,7.42,7.5,7.5,10.0,7.67,7.58,10.0,10.0,82.75
Indonesia,7.58,7.42,7.5,7.5,7.58,10.0,7.58,7.58,10.0,10.0,82.75
Guatemala,7.58,7.33,7.58,7.67,7.33,10.0,7.67,7.58,10.0,10.0,82.75
Taiwan,7.67,7.33,7.83,7.67,7.58,10.0,7.67,7.67,10.0,9.33,82.75
El Salvador,7.33,7.17,7.67,7.67,7.58,10.0,7.67,7.67,10.0,10.0,82.75
Costa Rica,7.67,7.42,7.58,7.5,7.42,10.0,7.67,7.5,10.0,10.0,82.75
Honduras,7.58,7.42,7.58,7.5,7.5,10.0,7.67,7.5,10.0,10.0,82.75
Brazil,7.5,7.58,7.5,7.58,7.58,10.0,7.5,7.5,10.0,10.0,82.75
China,7.33,7.33,7.67,7.67,7.67,10.0,7.58,7.5,10.0,10.0,82.75
China,7.67,7.42,7.5,7.5,7.5,10.0,7.5,7.67,10.0,10.0,82.75
Colombia,7.75,7.58,7.5,7.5,7.33,10.0,7.5,7.58,10.0,10.0,82.75
Malawi,7.5,7.42,7.75,7.5,7.33,10.0,7.67,7.58,10.0,10.0,82.75
Guatemala,7.75,7.25,7.75,7.67,7.5,10.0,7.42,7.42,10.0,10.0,82.75
Colombia,7.58,7.42,7.67,7.67,7.33,10.0,7.67,7.42,10.0,10.0,82.75
United States of America,7.83,7.42,7.67,7.5,7.33,10.0,7.42,7.58,10.0,10.0,82.75
United States of America,7.75,7.75,7.58,8.0,7.42,9.33,7.75,7.83,10.0,9.33,82.75
Colombia,7.33,7.17,7.58,8.58,7.25,10.0,7.5,7.33,10.0,10.0,82.75
Mexico,7.5,7.5,7.58,7.5,7.5,10.0,7.58,7.58,10.0,10.0,82.75
Mexico,7.75,7.33,7.58,7.58,7.25,10.0,7.67,7.58,10.0,10.0,82.75
Mexico,8.0,8.0,8.08,7.92,7.83,10.0,8.08,8.17,10.0,6.67,82.75
Colombia,7.67,7.42,7.5,7.58,7.5,10.0,7.5,7.58,10.0,10.0,82.75
Colombia,7.58,7.58,7.67,7.42,7.5,10.0,7.42,7.58,10.0,10.0,82.75
United States of America,7.83,7.5,7.25,7.67,7.67,10.0,7.75,7.75,10.0,9.33,82.75
Panama,7.58,7.5,7.42,7.75,7.5,10.0,7.58,7.42,10.0,10.0,82.75
United States of America,7.83,7.5,7.75,7.42,7.17,10.0,7.42,7.67,10.0,10.0,82.75
Brazil,7.75,7.25,7.5,7.5,7.58,10.0,7.5,7.58,10.0,10.0,82.67
Brazil,7.67,7.5,7.5,7.42,7.5,10.0,7.5,7.58,10.0,10.0,82.67
Laos,7.42,7.42,7.67,7.5,7.42,10.0,7.58,7.67,10.0,10.0,82.67
El Salvador,7.67,7.67,7.67,7.67,7.5,10.0,7.5,7.67,9.33,10.0,82.67
Mexico,7.75,7.42,7.5,7.17,7.42,10.0,7.75,7.67,10.0,10.0,82.67
Colombia,7.58,7.33,7.75,7.75,7.33,10.0,7.42,7.5,10.0,10.0,82.67
Brazil,7.67,7.42,7.58,7.5,7.5,10.0,7.5,7.5,10.0,10.0,82.67
Brazil,7.58,7.58,7.33,7.5,7.67,10.0,7.5,7.5,10.0,10.0,82.67
United Republic of Tanzania,7.5,7.5,7.5,7.58,7.5,10.0,7.58,7.5,10.0,10.0,82.67
United Republic of Tanzania,7.58,7.5,7.58,7.58,7.33,10.0,7.58,7.5,10.0,10.0,82.67
Taiwan,7.42,7.83,8.0,7.25,7.25,10.0,7.08,7.83,10.0,10.0,82.67
Mexico,7.5,7.42,7.67,7.5,7.42,10.0,7.58,7.58,10.0,10.0,82.67
Uganda,7.67,7.33,7.67,7.5,7.5,10.0,7.5,7.5,10.0,10.0,82.67
Taiwan,7.5,7.5,7.67,7.5,7.5,10.0,7.5,7.5,10.0,10.0,82.67
Thailand,7.67,7.5,7.42,7.5,7.58,10.0,7.5,7.5,10.0,10.0,82.67
Colombia,7.25,7.67,7.75,7.42,7.58,10.0,7.42,7.58,10.0,10.0,82.67
El Salvador,6.75,7.5,7.92,7.58,7.92,10.0,7.67,8.0,9.33,10.0,82.67
Guatemala,7.67,7.17,7.67,7.5,7.5,10.0,7.5,7.67,10.0,10.0,82.67
Thailand,7.33,7.83,7.83,7.83,7.58,10.0,7.58,7.33,9.33,10.0,82.67
Mexico,7.58,7.42,7.58,7.5,7.42,10.0,7.58,7.58,10.0,10.0,82.67
Mexico,7.58,7.58,7.5,7.42,7.42,10.0,7.58,7.58,10.0,10.0,82.67
Colombia,7.42,7.42,7.33,7.67,7.67,10.0,7.58,7.58,10.0,10.0,82.67
United States of America,7.67,7.5,7.83,7.58,7.5,10.0,7.58,7.67,9.33,10.0,82.67
Mexico,7.75,7.25,7.75,7.58,7.67,10.0,7.08,7.58,10.0,10.0,82.67
Colombia,7.33,7.67,8.08,7.17,7.33,10.0,7.42,7.67,10.0,10.0,82.67
Colombia,7.33,7.33,7.5,7.83,7.67,10.0,7.58,7.42,10.0,10.0,82.67
Guatemala,7.75,7.42,7.5,7.5,7.5,10.0,7.5,7.42,10.0,10.0,82.58
Taiwan,7.42,7.5,7.67,7.5,7.58,10.0,7.5,7.42,10.0,10.0,82.58
Brazil,7.5,7.42,7.5,7.33,7.75,10.0,7.5,7.58,10.0,10.0,82.58
Taiwan,7.08,7.0,7.25,7.0,7.0,10.0,10.0,7.25,10.0,10.0,82.58
Brazil,7.33,7.5,7.42,7.67,7.25,10.0,8.0,7.42,10.0,10.0,82.58
Indonesia,7.33,7.42,7.83,7.5,7.42,10.0,7.5,7.58,10.0,10.0,82.58
Thailand,7.67,7.42,7.75,7.5,7.42,10.0,7.5,7.33,10.0,10.0,82.58
Thailand,7.42,7.58,7.42,7.5,7.58,10.0,7.5,7.58,10.0,10.0,82.58
United Republic of Tanzania,7.5,7.33,7.75,7.5,7.58,10.0,7.5,7.42,10.0,10.0,82.58
Uganda,7.58,7.42,7.83,7.42,7.42,10.0,7.42,7.5,10.0,10.0,82.58
Costa Rica,7.67,7.5,7.67,7.75,7.0,10.0,7.58,7.42,10.0,10.0,82.58
Mexico,7.75,7.42,7.58,7.67,7.67,10.0,7.58,7.58,10.0,9.33,82.58
Guatemala,7.58,7.42,7.5,7.58,7.42,10.0,7.5,7.58,10.0,10.0,82.58
Colombia,7.42,7.33,7.75,7.83,7.5,10.0,7.5,7.25,10.0,10.0,82.58
Colombia,7.25,7.75,7.75,7.58,7.33,10.0,7.42,7.5,10.0,10.0,82.58
Colombia,7.58,7.42,7.58,7.42,7.67,10.0,7.42,7.5,10.0,10.0,82.58
Mexico,7.5,7.5,7.5,7.5,7.42,10.0,7.58,7.58,10.0,10.0,82.58
Mexico,7.75,7.58,7.67,6.83,7.67,10.0,7.5,7.58,10.0,10.0,82.58
Colombia,7.42,7.58,7.33,7.5,7.67,10.0,7.67,7.42,10.0,10.0,82.58
Brazil,7.75,7.33,7.58,7.5,7.5,10.0,7.42,7.5,10.0,10.0,82.58
Brazil,7.5,7.5,7.5,7.5,7.58,10.0,7.42,7.5,10.0,10.0,82.5
Indonesia,7.5,7.25,7.83,7.33,7.42,10.0,7.42,7.75,10.0,10.0,82.5
Honduras,7.5,7.33,7.58,7.5,7.5,10.0,7.5,7.58,10.0,10.0,82.5
Guatemala,7.5,7.33,7.5,7.5,7.67,10.0,7.5,7.5,10.0,10.0,82.5
Thailand,7.75,7.5,7.5,7.42,7.33,10.0,7.83,7.83,10.0,9.33,82.5
Thailand,7.5,7.5,7.33,7.5,7.67,10.0,7.5,7.5,10.0,10.0,82.5
United Republic of Tanzania,7.58,7.33,7.67,7.5,7.5,10.0,7.5,7.42,10.0,10.0,82.5
United Republic of Tanzania,7.58,7.42,7.75,7.58,7.58,10.0,7.58,7.0,10.0,10.0,82.5
Mexico,7.67,7.5,7.42,7.5,7.25,10.0,7.58,7.58,10.0,10.0,82.5
Brazil,7.33,7.67,7.42,7.67,7.42,10.0,7.5,7.5,10.0,10.0,82.5
Guatemala,7.67,7.33,7.83,7.5,7.42,10.0,7.33,7.42,10.0,10.0,82.5
Colombia,7.42,7.42,7.5,7.58,7.58,10.0,7.5,7.5,10.0,10.0,82.5
Guatemala,7.33,7.17,7.83,7.67,7.5,10.0,7.33,7.67,10.0,10.0,82.5
Mexico,7.5,7.5,7.5,7.42,7.42,10.0,7.58,7.58,10.0,10.0,82.5
Mexico,7.67,7.33,7.67,7.33,7.5,10.0,7.5,7.5,10.0,10.0,82.5
Mexico,7.58,7.33,7.92,7.42,7.25,10.0,7.5,7.5,10.0,10.0,82.5
Guatemala,7.33,7.33,7.67,7.83,7.5,10.0,7.5,7.33,10.0,10.0,82.5
Brazil,7.67,7.33,7.67,7.5,7.5,10.0,7.42,7.42,10.0,10.0,82.5
Colombia,7.5,7.33,7.67,7.67,7.25,10.0,7.58,7.5,10.0,10.0,82.5
United States of America,7.75,7.33,7.33,7.67,7.42,10.0,7.58,7.42,10.0,10.0,82.5
Guatemala,7.67,7.67,7.75,7.58,7.58,10.0,7.33,7.58,10.0,9.33,82.5
Honduras,7.58,7.17,7.42,7.5,7.58,10.0,7.5,7.67,10.0,10.0,82.42
Guatemala,7.75,7.33,7.58,7.5,7.33,10.0,7.42,7.5,10.0,10.0,82.42
Guatemala,7.67,7.25,7.67,7.33,7.42,10.0,7.5,7.58,10.0,10.0,82.42
Guatemala,7.67,7.25,7.58,7.5,7.5,10.0,7.42,7.5,10.0,10.0,82.42
Guatemala,7.75,7.08,7.5,7.5,7.67,10.0,7.5,7.42,10.0,10.0,82.42
Colombia,7.75,7.83,5.08,8.08,7.83,10.0,8.08,7.75,10.0,10.0,82.42
China,7.5,7.42,7.67,7.42,7.42,10.0,7.58,7.42,10.0,10.0,82.42
Brazil,7.5,7.33,7.42,7.42,7.25,10.0,8.0,7.5,10.0,10.0,82.42
United Republic of Tanzania,7.42,7.42,7.67,7.42,7.67,10.0,7.58,7.25,10.0,10.0,82.42
Brazil,7.5,7.33,7.17,7.42,7.75,10.0,7.42,7.83,10.0,10.0,82.42
Guatemala,7.67,7.5,7.5,7.5,7.42,10.0,7.33,7.5,10.0,10.0,82.42
Mexico,7.58,7.42,7.42,7.5,7.42,10.0,7.58,7.5,10.0,10.0,82.42
Brazil,7.5,7.33,7.58,7.42,7.5,10.0,7.42,7.67,10.0,10.0,82.42
Peru,7.75,7.58,7.58,7.58,7.5,10.0,7.5,7.58,10.0,9.33,82.42
Brazil,7.5,7.25,7.25,7.5,7.42,10.0,8.17,7.33,10.0,10.0,82.42
Mexico,7.92,7.5,7.5,7.67,7.42,10.0,7.5,7.58,10.0,9.33,82.42
Honduras,7.17,7.42,7.25,7.5,7.75,10.0,7.67,7.67,10.0,10.0,82.42
Colombia,7.5,7.33,7.67,7.5,7.58,10.0,7.42,7.42,10.0,10.0,82.42
Mexico,7.67,7.42,7.5,7.58,7.42,10.0,7.42,7.42,10.0,10.0,82.42
Mexico,7.42,7.5,7.42,7.5,7.58,10.0,7.42,7.58,10.0,10.0,82.42
Mexico,7.58,7.33,7.42,7.5,7.5,10.0,7.5,7.58,10.0,10.0,82.42
Mexico,7.58,7.25,7.75,7.33,7.58,10.0,7.58,7.33,10.0,10.0,82.42
Mexico,7.5,7.33,7.5,7.5,7.5,10.0,7.5,7.58,10.0,10.0,82.42
Mexico,7.5,7.17,7.58,7.5,7.5,10.0,7.58,7.58,10.0,10.0,82.42
Mexico,7.58,7.33,7.58,7.5,7.5,10.0,7.58,7.33,10.0,10.0,82.42
Mexico,7.42,7.33,7.67,7.33,7.58,10.0,7.5,7.58,10.0,10.0,82.42
Mexico,7.67,7.42,7.83,7.33,7.17,10.0,7.5,7.5,10.0,10.0,82.42
Colombia,7.42,7.25,7.67,7.67,7.5,10.0,7.58,7.33,10.0,10.0,82.42
Brazil,7.42,7.42,7.75,7.42,7.5,10.0,7.42,7.5,10.0,10.0,82.42
Colombia,7.58,7.17,7.33,7.58,7.42,10.0,7.75,7.58,10.0,10.0,82.42
Colombia,7.25,7.42,7.58,7.83,7.58,10.0,7.5,7.25,10.0,10.0,82.42
Honduras,7.5,7.33,7.5,7.42,7.42,10.0,7.58,7.58,10.0,10.0,82.33
Brazil,7.33,7.5,7.33,7.5,7.5,10.0,7.67,7.5,10.0,10.0,82.33
Brazil,7.5,7.42,7.42,7.58,7.5,10.0,7.5,7.42,10.0,10.0,82.33
Brazil,7.5,7.42,7.5,7.5,7.42,10.0,7.5,7.5,10.0,10.0,82.33
Costa Rica,7.25,7.25,7.75,7.67,7.42,10.0,7.5,7.5,10.0,10.0,82.33
Costa Rica,7.5,7.5,7.75,7.58,7.33,10.0,7.33,7.33,10.0,10.0,82.33
China,7.5,7.42,7.5,7.42,7.42,10.0,7.5,7.58,10.0,10.0,82.33
Brazil,8.33,7.25,8.25,8.08,8.17,6.67,7.75,7.83,10.0,10.0,82.33
Brazil,7.42,7.5,7.42,7.58,7.5,10.0,7.42,7.5,10.0,10.0,82.33
Guatemala,7.83,7.17,7.5,7.5,7.5,10.0,7.42,7.42,10.0,10.0,82.33
Malawi,7.58,7.42,7.33,7.5,7.33,10.0,7.58,7.58,10.0,10.0,82.33
Brazil,8.08,7.67,7.75,8.0,8.08,10.0,8.0,8.08,6.67,10.0,82.33
Guatemala,7.58,7.5,7.58,7.5,7.75,10.0,7.42,7.67,10.0,9.33,82.33
Mexico,7.5,7.42,7.33,7.5,7.5,10.0,7.5,7.58,10.0,10.0,82.33
Colombia,7.17,7.5,7.42,8.33,7.08,10.0,7.5,7.33,10.0,10.0,82.33
Taiwan,7.5,7.5,7.5,7.5,7.5,10.0,7.33,7.5,10.0,10.0,82.33
Taiwan,7.5,7.5,7.5,7.5,7.5,10.0,7.33,7.5,10.0,10.0,82.33
Guatemala,7.5,7.58,7.5,7.58,7.5,10.0,7.25,7.42,10.0,10.0,82.33
Colombia,7.5,7.5,7.5,7.58,7.5,10.0,7.33,7.42,10.0,10.0,82.33
Mexico,7.5,7.42,7.67,7.42,7.42,10.0,7.42,7.5,10.0,10.0,82.33
Costa Rica,7.75,7.25,7.92,7.58,7.92,9.33,7.67,7.58,10.0,9.33,82.33
Guatemala,7.67,7.33,7.67,7.33,7.5,10.0,7.33,7.5,10.0,10.0,82.33
Mexico,7.33,7.58,7.58,7.58,7.0,10.0,7.58,7.67,10.0,10.0,82.33
Mexico,7.58,7.5,7.67,7.5,7.5,10.0,7.0,7.58,10.0,10.0,82.33
Guatemala,7.5,7.33,7.5,7.5,7.33,10.0,7.5,7.67,10.0,10.0,82.33
Brazil,7.5,7.42,7.58,7.42,7.5,10.0,7.42,7.5,10.0,10.0,82.33
Mexico,7.33,7.33,8.0,7.67,7.08,10.0,7.83,7.75,10.0,9.33,82.33
Brazil,7.58,7.25,7.58,7.5,7.42,10.0,7.42,7.58,10.0,10.0,82.33
Colombia,7.25,7.33,7.83,7.42,7.58,10.0,7.33,7.58,10.0,10.0,82.33
Brazil,7.42,7.25,7.58,7.33,7.67,10.0,7.5,7.5,10.0,10.0,82.25
Taiwan,7.17,7.0,7.0,7.0,7.0,10.0,10.0,7.08,10.0,10.0,82.25
Guatemala,7.67,7.25,7.67,7.42,7.42,10.0,7.33,7.5,10.0,10.0,82.25
Brazil,7.08,7.5,7.42,7.42,7.5,10.0,7.67,7.67,10.0,10.0,82.25
El Salvador,7.67,7.5,7.58,8.42,7.83,9.33,7.58,7.67,9.33,9.33,82.25
Honduras,7.58,7.42,7.58,7.42,7.42,10.0,7.33,7.5,10.0,10.0,82.25
Malawi,7.42,7.33,7.58,7.5,7.58,10.0,7.42,7.42,10.0,10.0,82.25
Brazil,7.42,7.42,7.75,7.33,7.33,10.0,7.42,7.58,10.0,10.0,82.25
Taiwan,7.5,7.5,7.5,7.5,7.5,10.0,7.25,7.5,10.0,10.0,82.25
Mexico,7.42,7.42,7.58,7.42,7.42,10.0,7.42,7.58,10.0,10.0,82.25
United States of America,7.67,7.5,7.33,7.42,7.5,10.0,7.42,7.42,10.0,10.0,82.25
Mexico,7.17,7.5,7.58,7.42,7.42,10.0,7.58,7.58,10.0,10.0,82.25
Guatemala,7.58,7.33,7.5,7.33,7.67,10.0,7.33,7.5,10.0,10.0,82.25
Mexico,7.67,7.42,7.5,7.42,7.33,10.0,7.33,7.58,10.0,10.0,82.25
Mexico,7.5,7.33,7.67,7.42,7.42,10.0,7.33,7.58,10.0,10.0,82.25
El Salvador,7.5,7.33,7.75,7.5,7.5,10.0,7.33,7.33,10.0,10.0,82.25
Mexico,7.67,7.42,7.33,7.5,7.33,10.0,7.42,7.58,10.0,10.0,82.25
Mexico,7.58,7.42,7.42,7.5,7.42,10.0,7.42,7.5,10.0,10.0,82.25
Colombia,7.33,7.67,7.5,7.33,7.58,10.0,7.42,7.42,10.0,10.0,82.25
Colombia,7.33,7.33,7.67,7.5,7.5,10.0,7.58,7.33,10.0,10.0,82.25
Brazil,7.0,7.42,7.67,7.58,7.5,10.0,7.5,7.58,10.0,10.0,82.25
Colombia,7.25,7.58,7.17,7.67,7.58,10.0,7.75,7.25,10.0,10.0,82.25
Brazil,7.42,7.5,7.42,7.5,7.42,10.0,7.5,7.42,10.0,10.0,82.17
Honduras,7.42,7.17,7.5,7.5,7.5,10.0,7.58,7.5,10.0,10.0,82.17
Nicaragua,7.42,7.33,7.5,7.42,7.5,10.0,7.5,7.5,10.0,10.0,82.17
United Republic of Tanzania,7.33,7.42,7.58,7.42,7.5,10.0,7.5,7.42,10.0,10.0,82.17
United Republic of Tanzania,7.5,7.42,7.42,7.33,7.5,10.0,7.58,7.42,10.0,10.0,82.17
Brazil,7.33,7.42,6.92,7.5,7.83,10.0,7.58,7.58,10.0,10.0,82.17
Thailand,7.75,7.17,7.42,7.67,7.25,10.0,7.5,7.42,10.0,10.0,82.17
Honduras,7.42,7.25,7.67,7.42,7.58,10.0,7.33,7.5,10.0,10.0,82.17
Guatemala,7.5,7.5,7.42,7.5,7.42,10.0,7.42,7.42,10.0,10.0,82.17
Brazil,7.25,7.42,7.58,7.42,7.5,10.0,7.5,7.5,10.0,10.0,82.17
United Republic of Tanzania,7.58,7.42,7.75,7.42,7.33,10.0,7.25,7.42,10.0,10.0,82.17
Mexico,7.42,7.17,7.42,8.17,7.33,10.0,7.33,7.33,10.0,10.0,82.17
Mexico,7.42,7.33,7.5,7.42,7.5,10.0,7.5,7.5,10.0,10.0,82.17
Taiwan,7.5,7.5,7.5,7.5,7.5,10.0,7.17,7.5,10.0,10.0,82.17
Taiwan,7.17,7.5,7.67,7.58,7.17,10.0,7.58,7.5,10.0,10.0,82.17
Colombia,7.58,7.25,7.33,7.5,7.75,10.0,7.5,7.25,10.0,10.0,82.17
Mexico,7.5,7.0,7.5,7.5,7.33,10.0,7.67,7.67,10.0,10.0,82.17
Guatemala,7.75,7.0,7.25,7.75,8.17,10.0,7.17,7.75,9.33,10.0,82.17
Mexico,7.5,7.25,7.5,7.33,7.5,10.0,7.5,7.58,10.0,10.0,82.17
Mexico,7.5,7.5,7.0,7.5,7.42,10.0,7.58,7.67,10.0,10.0,82.17
Colombia,7.17,7.42,7.58,7.75,7.17,10.0,7.42,7.67,10.0,10.0,82.17
Indonesia,7.42,7.42,7.5,7.42,7.5,10.0,7.33,7.5,10.0,10.0,82.08
Colombia,7.67,7.42,7.75,7.58,7.83,9.33,7.58,7.58,10.0,9.33,82.08
Brazil,7.5,7.42,7.42,7.25,7.42,10.0,7.5,7.58,10.0,10.0,82.08
Brazil,7.58,7.58,7.25,7.92,7.25,10.0,7.25,7.25,10.0,10.0,82.08
Costa Rica,7.25,7.42,7.75,7.42,7.17,10.0,7.67,7.42,10.0,10.0,82.08
United Republic of Tanzania,7.42,7.42,7.42,7.58,7.5,10.0,7.42,7.33,10.0,10.0,82.08
United Republic of Tanzania,7.33,7.5,7.42,7.5,7.33,10.0,7.5,7.5,10.0,10.0,82.08
Colombia,7.42,7.42,7.5,7.42,7.67,10.0,7.25,7.42,10.0,10.0,82.08
Costa Rica,7.33,7.33,7.58,7.67,7.5,10.0,7.33,7.33,10.0,10.0,82.08
United States of America,7.25,7.58,7.25,7.42,7.5,10.0,7.5,7.58,10.0,10.0,82.08
Mexico,7.33,7.5,7.42,7.42,7.42,10.0,7.42,7.58,10.0,10.0,82.08
Mexico,7.5,7.42,7.5,7.5,7.25,10.0,7.5,7.42,10.0,10.0,82.08
Mexico,7.58,7.25,7.67,7.33,7.42,10.0,7.33,7.5,10.0,10.0,82.08
Vietnam,7.08,7.17,7.67,7.08,7.67,10.0,7.42,8.0,10.0,10.0,82.08
Mexico,7.75,7.25,7.58,7.42,7.33,10.0,7.33,7.42,10.0,10.0,82.08
United States of America,7.58,7.33,7.33,7.83,7.08,10.0,7.42,7.5,10.0,10.0,82.08
Colombia,7.33,7.67,7.67,7.58,7.25,10.0,7.17,7.42,10.0,10.0,82.08
Honduras,7.5,7.17,7.5,7.42,7.5,10.0,7.42,7.5,10.0,10.0,82.0
Honduras,7.33,7.25,7.5,7.5,7.42,10.0,7.5,7.5,10.0,10.0,82.0
Brazil,7.5,7.42,7.5,7.42,7.33,10.0,7.5,7.33,10.0,10.0,82.0
United Republic of Tanzania,7.42,7.33,7.67,7.42,7.42,10.0,7.42,7.33,10.0,10.0,82.0
Laos,7.33,7.25,7.42,7.5,7.5,10.0,7.5,7.5,10.0,10.0,82.0
United Republic of Tanzania,7.58,7.33,7.42,7.42,7.33,10.0,7.5,7.42,10.0,10.0,82.0
Malawi,7.58,7.33,7.5,7.5,7.33,10.0,7.33,7.42,10.0,10.0,82.0
Taiwan,7.42,7.17,7.33,7.33,7.5,10.0,7.75,7.5,10.0,10.0,82.0
Thailand,7.42,7.42,7.58,7.42,7.33,10.0,7.33,7.5,10.0,10.0,82.0
Costa Rica,7.33,7.33,7.5,7.5,7.75,10.0,7.33,7.25,10.0,10.0,82.0
Honduras,7.5,7.33,7.33,7.83,7.5,10.0,7.17,7.33,10.0,10.0,82.0
Colombia,7.5,7.58,7.33,7.58,7.5,10.0,7.17,7.33,10.0,10.0,82.0
Taiwan,7.42,7.33,7.42,7.5,8.0,10.0,7.42,7.58,10.0,9.33,82.0
Brazil,7.17,7.42,7.33,7.42,7.33,10.0,7.67,7.67,10.0,10.0,82.0
Mexico,7.5,7.25,7.67,7.42,7.42,10.0,7.42,7.33,10.0,10.0,82.0
Brazil,7.5,7.33,7.42,7.5,7.33,10.0,7.42,7.5,10.0,10.0,82.0
Brazil,7.5,7.25,7.42,7.42,7.5,10.0,7.42,7.5,10.0,10.0,82.0
Guatemala,7.5,7.33,7.33,7.67,7.67,10.0,7.17,7.33,10.0,10.0,82.0
Brazil,7.5,7.17,7.58,7.42,7.5,10.0,7.33,7.5,10.0,10.0,82.0
Guatemala,7.42,7.33,7.75,7.67,7.75,10.0,7.42,7.33,9.33,10.0,82.0
Colombia,7.42,7.08,7.33,7.67,7.5,10.0,8.0,7.0,10.0,10.0,82.0
Guatemala,7.58,7.25,7.58,7.5,7.58,10.0,7.58,7.5,10.0,9.33,81.92
Guatemala,7.42,7.25,7.5,7.42,7.42,10.0,7.42,7.5,10.0,10.0,81.92
Honduras,7.33,7.25,7.58,7.5,7.42,10.0,7.33,7.5,10.0,10.0,81.92
Brazil,7.5,7.33,7.42,7.33,7.5,10.0,7.5,7.33,10.0,10.0,81.92
El Salvador,7.5,7.33,7.67,7.67,7.5,10.0,7.33,7.58,9.33,10.0,81.92
Guatemala,7.83,7.17,7.58,7.33,7.17,10.0,7.25,7.58,10.0,10.0,81.92
United Republic of Tanzania,7.42,7.33,7.33,7.58,7.5,10.0,7.42,7.33,10.0,10.0,81.92
Nicaragua,7.17,7.25,7.58,7.67,7.5,10.0,7.33,7.42,10.0,10.0,81.92
Zambia,7.33,7.42,7.67,7.42,7.75,10.0,7.25,7.08,10.0,10.0,81.92
Honduras,7.58,7.33,7.42,7.5,7.33,10.0,7.42,7.33,10.0,10.0,81.92
Taiwan,7.25,7.42,7.5,7.5,7.5,10.0,7.25,7.5,10.0,10.0,81.92
Mexico,7.58,7.25,7.58,7.25,7.5,10.0,7.25,7.5,10.0,10.0,81.92
Mexico,7.25,7.25,7.5,7.5,7.5,10.0,7.42,7.5,10.0,10.0,81.92
Mexico,7.5,7.25,7.5,7.33,7.33,10.0,7.58,7.42,10.0,10.0,81.92
Mexico,7.58,7.17,7.33,7.33,7.42,10.0,7.5,7.58,10.0,10.0,81.92
Mexico,7.83,7.33,7.67,7.5,7.5,10.0,7.33,7.42,10.0,9.33,81.92
Brazil,7.5,7.25,7.42,7.5,7.33,10.0,7.33,7.58,10.0,10.0,81.92
Colombia,7.58,7.33,7.67,7.33,7.33,10.0,7.33,7.33,10.0,10.0,81.92
Guatemala,7.5,7.25,7.42,7.42,7.33,10.0,7.42,7.5,10.0,10.0,81.83
Costa Rica,7.33,7.5,7.25,7.42,7.67,10.0,7.33,7.33,10.0,10.0,81.83
Brazil,7.5,7.42,7.42,7.25,7.42,10.0,7.33,7.5,10.0,10.0,81.83
Indonesia,7.75,7.58,7.75,7.83,7.92,10.0,5.17,7.83,10.0,10.0,81.83
Guatemala,7.42,7.33,7.58,7.25,7.58,10.0,7.17,7.5,10.0,10.0,81.83
Brazil,7.5,6.83,7.17,7.25,7.75,10.0,7.75,7.58,10.0,10.0,81.83
Brazil,6.92,6.92,7.58,7.5,7.67,10.0,8.25,7.0,10.0,10.0,81.83
Myanmar,7.42,7.5,7.33,7.33,7.33,10.0,7.33,7.58,10.0,10.0,81.83
Mexico,7.5,7.33,7.58,7.33,7.17,10.0,7.42,7.5,10.0,10.0,81.83
Honduras,7.5,7.33,7.5,7.25,7.42,10.0,7.33,7.5,10.0,10.0,81.83
Costa Rica,7.25,7.5,7.67,7.42,7.08,10.0,7.42,7.5,10.0,10.0,81.83
Taiwan,7.25,7.17,7.67,7.33,7.75,10.0,7.33,7.33,10.0,10.0,81.83
Indonesia,7.33,7.42,7.42,7.42,7.42,10.0,7.42,7.42,10.0,10.0,81.83
Malawi,7.33,7.33,7.58,7.42,7.33,10.0,7.42,7.42,10.0,10.0,81.83
Brazil,7.17,7.25,7.33,7.33,7.83,10.0,7.33,7.58,10.0,10.0,81.83
Honduras,7.33,7.33,7.5,7.33,7.33,10.0,7.5,7.5,10.0,10.0,81.83
Mexico,7.5,7.25,7.42,7.42,7.33,10.0,7.5,7.42,10.0,10.0,81.83
Colombia,7.42,7.0,7.5,7.58,7.5,10.0,7.33,7.5,10.0,10.0,81.83
United States of America,8.0,7.83,7.83,7.83,7.83,6.67,8.0,7.83,10.0,10.0,81.83
Brazil,7.42,7.5,7.75,7.75,7.83,9.33,7.83,7.75,9.33,9.33,81.83
Guatemala,7.33,7.33,7.83,7.83,7.67,10.0,7.5,7.67,9.33,9.33,81.83
Mexico,7.58,7.25,7.83,7.33,7.25,10.0,7.25,7.33,10.0,10.0,81.83
Mexico,7.5,7.25,7.33,7.5,7.5,10.0,7.42,7.33,10.0,10.0,81.83
Brazil,7.5,7.25,7.33,7.25,7.5,10.0,7.33,7.67,10.0,10.0,81.83
Colombia,7.58,7.17,7.58,7.33,7.33,10.0,7.33,7.5,10.0,10.0,81.83
United States of America,7.67,7.83,7.25,7.75,7.75,9.33,7.33,7.58,10.0,9.33,81.83
Guatemala,7.42,7.25,7.5,7.33,7.42,10.0,7.33,7.5,10.0,10.0,81.75
Vietnam,7.5,7.33,7.0,7.33,7.5,10.0,8.0,7.08,10.0,10.0,81.75
United Republic of Tanzania,7.42,7.42,7.42,7.33,7.33,10.0,7.42,7.42,10.0,10.0,81.75
Brazil,7.25,7.17,7.17,8.25,7.42,10.0,7.25,7.25,10.0,10.0,81.75
Mexico,7.42,7.33,7.5,7.25,7.25,10.0,7.5,7.5,10.0,10.0,81.75
Mexico,7.67,7.17,7.42,7.42,7.33,10.0,7.25,7.5,10.0,10.0,81.75
Mexico,7.58,7.33,7.42,7.33,7.33,10.0,7.25,7.5,10.0,10.0,81.75
Mexico,7.67,7.33,7.33,7.25,7.42,10.0,7.33,7.42,10.0,10.0,81.75
Mexico,7.33,7.25,7.5,7.25,7.67,10.0,7.33,7.42,10.0,10.0,81.75
Colombia,7.33,7.33,7.33,7.67,7.5,10.0,7.17,7.42,10.0,10.0,81.75
Colombia,7.08,6.92,7.42,8.0,7.25,10.0,7.5,7.58,10.0,10.0,81.75
Brazil,7.5,7.25,7.42,7.25,7.5,10.0,7.25,7.5,10.0,10.0,81.67
Guatemala,7.42,7.08,7.42,7.42,7.33,10.0,7.58,7.42,10.0,10.0,81.67
Guatemala,7.67,7.17,7.42,7.42,7.33,10.0,7.33,7.33,10.0,10.0,81.67
Honduras,7.33,7.33,7.58,7.25,7.42,10.0,7.25,7.5,10.0,10.0,81.67
United Republic of Tanzania,7.42,7.33,7.17,7.33,7.5,10.0,7.58,7.33,10.0,10.0,81.67
Nicaragua,7.25,7.25,7.58,7.25,7.5,10.0,7.33,7.5,10.0,10.0,81.67
Colombia,7.67,7.75,7.75,7.83,5.25,10.0,7.67,7.75,10.0,10.0,81.67
Brazil,7.42,6.92,7.25,7.58,7.5,10.0,7.25,7.75,10.0,10.0,81.67
United Republic of Tanzania,7.42,7.25,7.42,7.42,7.5,10.0,7.33,7.33,10.0,10.0,81.67
United Republic of Tanzania,7.25,7.5,7.33,7.33,7.42,10.0,7.5,7.33,10.0,10.0,81.67
Brazil,7.5,7.25,7.25,7.42,7.5,10.0,7.33,7.42,10.0,10.0,81.67
Indonesia,7.42,7.33,7.17,7.42,7.33,10.0,7.58,7.42,10.0,10.0,81.67
Honduras,7.5,7.5,7.5,7.17,7.17,10.0,7.5,7.33,10.0,10.0,81.67
Costa Rica,7.17,7.17,7.5,7.08,7.5,10.0,8.08,7.17,10.0,10.0,81.67
Mexico,8.0,7.67,7.42,7.5,7.58,9.33,7.42,7.42,10.0,9.33,81.67
Taiwan,7.25,7.5,7.5,7.25,7.42,10.0,7.25,7.5,10.0,10.0,81.67
Taiwan,7.42,7.33,7.58,7.33,7.33,10.0,7.25,7.42,10.0,10.0,81.67
Mexico,7.58,7.08,7.5,7.33,7.33,10.0,7.42,7.42,10.0,10.0,81.67
Guatemala,7.33,7.33,7.5,7.33,7.33,10.0,7.17,7.67,10.0,10.0,81.67
Mexico,7.67,7.58,7.25,7.58,7.67,10.0,7.58,7.67,10.0,8.67,81.67
Mexico,7.75,7.17,7.67,7.25,7.5,10.0,7.08,7.25,10.0,10.0,81.67
Mexico,7.42,7.33,7.5,7.42,7.42,10.0,7.17,7.42,10.0,10.0,81.67
Mexico,7.58,7.25,7.58,7.17,7.25,10.0,7.42,7.42,10.0,10.0,81.67
Mexico,7.17,7.25,7.75,7.33,7.58,10.0,7.67,7.58,10.0,9.33,81.67
United States of America,7.33,7.33,7.42,7.83,7.17,10.0,7.25,7.33,10.0,10.0,81.67
Honduras,7.42,7.08,7.5,7.33,7.5,10.0,7.33,7.42,10.0,10.0,81.58
Guatemala,7.5,7.08,7.42,7.33,7.42,10.0,7.42,7.42,10.0,10.0,81.58
Taiwan,7.67,7.25,7.42,7.25,7.33,10.0,7.25,7.42,10.0,10.0,81.58
Costa Rica,7.17,7.5,7.58,7.58,7.08,10.0,7.25,7.42,10.0,10.0,81.58
United Republic of Tanzania,7.42,7.33,7.42,7.33,7.42,10.0,7.25,7.42,10.0,10.0,81.58
Malawi,7.58,7.17,7.42,7.33,7.33,10.0,7.33,7.42,10.0,10.0,81.58
Taiwan,7.08,7.08,7.33,8.25,8.33,10.0,7.0,7.17,9.33,10.0,81.58
Brazil,7.33,7.33,7.42,7.25,7.5,10.0,7.33,7.42,10.0,10.0,81.58
Guatemala,7.58,7.17,7.42,7.5,7.42,10.0,7.17,7.33,10.0,10.0,81.58
Mexico,7.5,7.42,7.67,7.42,6.75,10.0,7.33,7.5,10.0,10.0,81.58
Mexico,7.5,7.25,7.33,7.17,7.5,10.0,7.33,7.5,10.0,10.0,81.58
Mexico,7.58,7.42,7.67,7.42,7.58,10.0,7.67,7.58,8.67,10.0,81.58
Thailand,7.58,7.58,7.08,7.5,7.17,10.0,7.33,7.33,10.0,10.0,81.58
Thailand,7.5,7.17,7.33,7.33,7.58,10.0,7.33,7.33,10.0,10.0,81.58
Costa Rica,7.33,7.33,7.25,7.75,7.5,10.0,7.25,7.17,10.0,10.0,81.58
Guatemala,7.42,7.17,7.67,7.42,7.33,10.0,7.58,7.58,10.0,9.33,81.5
Nicaragua,7.33,7.33,7.5,7.33,7.25,10.0,7.33,7.42,10.0,10.0,81.5
Honduras,7.42,7.33,7.5,7.25,7.17,10.0,7.33,7.5,10.0,10.0,81.5
Guatemala,7.25,7.25,7.5,7.25,7.5,10.0,7.33,7.42,10.0,10.0,81.5
Taiwan,7.08,7.33,7.5,7.25,7.58,10.0,7.33,7.42,10.0,10.0,81.5
Myanmar,7.5,7.25,7.25,7.33,7.33,10.0,7.42,7.42,10.0,10.0,81.5
Costa Rica,7.08,7.08,7.83,7.5,7.33,10.0,7.33,7.33,10.0,10.0,81.5
Malawi,7.5,6.92,7.67,7.17,7.5,10.0,7.33,7.42,10.0,10.0,81.5
Guatemala,7.58,7.17,7.5,7.42,7.25,10.0,7.17,7.42,10.0,10.0,81.5
Taiwan,7.33,7.67,7.42,7.5,7.42,10.0,7.5,7.33,9.33,10.0,81.5
Brazil,7.67,7.5,7.58,7.83,7.67,9.33,7.75,7.5,9.33,9.33,81.5
Haiti,7.42,7.25,7.42,7.33,7.42,10.0,7.33,7.33,10.0,10.0,81.5
Taiwan,7.25,7.25,7.5,7.33,7.33,10.0,7.42,7.42,10.0,10.0,81.5
Mexico,7.42,7.17,7.33,7.5,7.5,10.0,7.25,7.33,10.0,10.0,81.5
Mexico,7.42,7.25,7.58,7.33,7.33,10.0,7.17,7.42,10.0,10.0,81.5
Mexico,7.42,7.17,7.42,8.0,7.17,10.0,7.08,7.25,10.0,10.0,81.5
Mexico,7.33,7.33,7.33,7.42,7.33,10.0,7.25,7.5,10.0,10.0,81.5
Mexico,7.17,7.33,7.42,7.42,7.25,10.0,7.5,7.42,10.0,10.0,81.5
Mexico,7.5,7.25,7.5,7.58,7.42,10.0,7.42,7.5,10.0,9.33,81.5
Indonesia,7.33,7.17,7.75,7.33,7.58,10.0,7.17,7.17,10.0,10.0,81.5
Brazil,7.42,7.17,7.5,7.33,7.5,10.0,7.17,7.42,10.0,10.0,81.5
Guatemala,7.42,7.33,7.33,7.33,7.17,10.0,7.42,7.5,10.0,10.0,81.5
Colombia,7.42,7.17,7.42,7.33,7.42,10.0,7.33,7.42,10.0,10.0,81.5
United States of America,7.5,7.33,7.33,7.83,7.5,10.0,7.33,7.33,10.0,9.33,81.5
Mexico,7.33,7.08,7.58,7.33,7.5,10.0,7.25,7.33,10.0,10.0,81.42
Guatemala,7.58,7.08,7.42,7.25,7.33,10.0,7.42,7.33,10.0,10.0,81.42
Brazil,7.33,7.5,7.33,7.42,6.83,10.0,7.5,7.5,10.0,10.0,81.42
Honduras,7.25,7.17,7.5,7.42,7.5,10.0,7.25,7.33,10.0,10.0,81.42
Taiwan,7.17,7.42,7.83,7.08,7.08,10.0,7.08,7.75,10.0,10.0,81.42
Malawi,7.42,7.33,7.58,7.42,7.08,10.0,7.42,7.17,10.0,10.0,81.42
Brazil,7.17,7.42,7.25,7.33,7.33,10.0,7.42,7.5,10.0,10.0,81.42
Guatemala,7.42,7.17,7.42,7.42,7.42,10.0,7.08,7.5,10.0,10.0,81.42
Mexico,7.17,7.25,7.67,7.42,7.25,10.0,7.33,7.33,10.0,10.0,81.42
Peru,7.33,7.17,7.42,7.42,7.42,10.0,7.25,7.42,10.0,10.0,81.42
Guatemala,7.42,7.25,7.42,7.5,7.42,10.0,7.08,7.33,10.0,10.0,81.42
Mexico,7.17,7.25,7.42,7.42,7.25,10.0,7.58,7.33,10.0,10.0,81.42
Mexico,7.25,7.25,7.42,7.33,7.5,10.0,7.25,7.42,10.0,10.0,81.42
Colombia,7.17,7.25,7.5,7.75,7.17,10.0,7.17,7.42,10.0,10.0,81.42
Colombia,7.0,7.42,7.75,7.25,7.33,10.0,7.33,7.33,10.0,10.0,81.42
United States of America,7.58,7.0,7.83,7.5,7.58,10.0,6.92,7.0,10.0,10.0,81.42
Colombia,7.17,7.33,7.5,7.42,7.33,10.0,7.25,7.33,10.0,10.0,81.33
Honduras,7.17,7.0,7.5,7.33,7.5,10.0,7.33,7.5,10.0,10.0,81.33
Mexico,7.42,7.0,7.67,7.08,7.58,10.0,7.17,7.42,10.0,10.0,81.33
Brazil,7.33,7.33,7.25,7.42,7.33,10.0,7.33,7.33,10.0,10.0,81.33
Honduras,7.42,7.17,7.58,7.17,7.17,10.0,7.42,7.42,10.0,10.0,81.33
Brazil,7.25,7.42,7.17,7.33,7.42,10.0,7.42,7.33,10.0,10.0,81.33
Philippines,7.33,7.42,7.08,7.5,7.33,10.0,7.33,7.33,10.0,10.0,81.33
Malawi,7.33,7.08,7.75,7.25,7.33,10.0,7.25,7.33,10.0,10.0,81.33
Honduras,7.33,7.17,7.33,7.33,7.5,10.0,7.33,7.33,10.0,10.0,81.33
Mexico,7.33,7.25,7.58,7.25,7.25,10.0,7.25,7.42,10.0,10.0,81.33
Mexico,7.42,7.17,7.33,7.33,7.58,10.0,7.25,7.25,10.0,10.0,81.33
Brazil,7.5,7.5,7.5,7.83,7.75,9.33,7.58,7.58,9.33,9.33,81.33
Taiwan,7.83,7.67,7.83,7.75,7.83,10.0,5.25,7.75,10.0,9.33,81.25
Brazil,7.08,7.17,7.17,8.17,6.92,10.0,7.33,7.42,10.0,10.0,81.25
Nicaragua,7.17,7.33,7.08,7.25,7.42,10.0,7.5,7.5,10.0,10.0,81.25
Honduras,7.5,7.17,7.42,7.25,7.33,10.0,7.42,7.17,10.0,10.0,81.25
Guatemala,7.25,7.17,7.33,7.33,7.42,10.0,7.33,7.42,10.0,10.0,81.25
United Republic of Tanzania,7.5,7.17,7.33,7.42,7.25,10.0,7.42,7.17,10.0,10.0,81.25
Taiwan,7.25,7.25,7.5,7.25,7.25,10.0,7.25,7.5,10.0,10.0,81.25
Guatemala,7.58,7.5,7.5,7.25,7.0,10.0,7.08,7.33,10.0,10.0,81.25
Mexico,7.33,7.33,7.42,7.42,7.5,10.0,7.5,7.42,10.0,9.33,81.25
Nicaragua,7.17,7.17,7.33,7.17,7.58,10.0,7.25,7.5,10.0,10.0,81.17
United Republic of Tanzania,7.33,7.17,7.67,7.17,7.5,10.0,7.17,7.17,10.0,10.0,81.17
Mexico,7.25,7.08,7.75,7.25,7.08,10.0,7.17,7.58,10.0,10.0,81.17
Costa Rica,7.17,7.33,7.5,7.17,7.08,10.0,7.42,7.5,10.0,10.0,81.17
Honduras,7.42,7.0,7.42,7.33,7.33,10.0,7.33,7.33,10.0,10.0,81.17
Thailand,7.17,7.42,6.83,7.42,7.5,10.0,7.42,7.42,10.0,10.0,81.17
Philippines,7.08,7.25,7.25,7.5,7.58,10.0,7.25,7.25,10.0,10.0,81.17
United Republic of Tanzania,7.33,7.17,7.58,7.25,7.33,10.0,7.33,7.17,10.0,10.0,81.17
Malawi,7.08,7.33,7.58,7.33,7.33,10.0,7.25,7.25,10.0,10.0,81.17
Costa Rica,7.25,7.33,7.33,7.58,7.33,10.0,7.25,7.08,10.0,10.0,81.17
Brazil,7.42,7.17,7.42,7.25,7.33,10.0,7.17,7.42,10.0,10.0,81.17
Mexico,7.75,7.08,7.42,7.17,7.42,10.0,7.08,7.25,10.0,10.0,81.17
Guatemala,7.25,7.33,7.42,7.42,7.25,10.0,7.25,7.25,10.0,10.0,81.17
Brazil,7.42,7.25,7.42,7.17,7.5,10.0,7.08,7.33,10.0,10.0,81.17
United States of America,7.67,7.67,7.25,7.67,7.42,9.33,7.75,7.75,10.0,8.67,81.17
Ethiopia,7.33,7.17,7.42,7.17,7.42,10.0,7.25,7.33,10.0,10.0,81.08
Brazil,7.25,7.5,7.58,7.58,7.75,10.0,7.33,7.42,9.33,9.33,81.08
Nicaragua,7.42,7.33,7.33,7.33,7.33,10.0,7.0,7.33,10.0,10.0,81.08
United States of America,7.42,7.33,7.42,7.33,7.25,10.0,7.17,7.17,10.0,10.0,81.08
United Republic of Tanzania,7.25,7.33,7.42,7.33,7.25,10.0,7.17,7.33,10.0,10.0,81.08
Costa Rica,7.25,7.17,7.42,7.58,7.25,10.0,7.17,7.25,10.0,10.0,81.08
United States of America,7.58,7.67,7.67,7.67,7.58,10.0,8.5,7.75,10.0,6.67,81.08
Mexico,7.33,7.33,7.25,7.33,7.17,10.0,7.25,7.42,10.0,10.0,81.08
Mexico,7.42,7.33,7.33,7.42,7.25,10.0,7.08,7.25,10.0,10.0,81.08
Mexico,7.42,7.25,7.33,7.25,7.25,10.0,7.25,7.33,10.0,10.0,81.08
Mexico,7.42,7.25,7.42,7.25,7.17,10.0,7.25,7.33,10.0,10.0,81.08
United States of America,7.58,7.25,7.42,7.17,6.92,10.0,7.33,7.42,10.0,10.0,81.08
Brazil,7.5,7.17,7.25,7.17,7.33,10.0,7.33,7.25,10.0,10.0,81.0
El Salvador,7.33,7.08,7.42,7.58,7.25,10.0,7.25,7.08,10.0,10.0,81.0
Brazil,7.67,7.17,7.33,7.17,7.33,10.0,7.17,7.17,10.0,10.0,81.0
Guatemala,7.5,7.17,7.42,7.17,7.25,10.0,7.25,7.25,10.0,10.0,81.0
Colombia,5.25,7.42,7.67,7.75,7.67,10.0,7.75,7.5,10.0,10.0,81.0
Guatemala,7.25,7.0,7.5,7.25,7.5,10.0,7.25,7.25,10.0,10.0,81.0
Taiwan,7.25,7.17,7.25,7.33,7.5,10.0,7.33,7.17,10.0,10.0,81.0
Honduras,7.33,7.25,7.42,7.17,7.25,10.0,7.33,7.25,10.0,10.0,81.0
Brazil,7.75,7.83,7.67,7.75,7.83,6.67,7.75,7.75,10.0,10.0,81.0
United Republic of Tanzania,7.42,7.08,7.33,7.33,7.17,10.0,7.33,7.33,10.0,10.0,81.0
Uganda,7.33,7.17,7.33,7.42,7.42,10.0,7.42,6.92,10.0,10.0,81.0
Taiwan,7.33,7.33,7.5,7.33,7.33,10.0,7.25,6.92,10.0,10.0,81.0
Thailand,7.42,7.25,7.33,7.17,7.25,10.0,7.17,7.42,10.0,10.0,81.0
Mexico,7.33,7.33,7.08,7.25,7.42,10.0,7.25,7.33,10.0,10.0,81.0
Mexico,7.67,7.5,7.58,7.5,7.58,10.0,7.5,7.67,10.0,8.0,81.0
Taiwan,7.33,7.25,7.33,7.25,7.33,10.0,7.25,7.17,10.0,10.0,80.92
Guatemala,7.58,7.33,7.67,7.5,7.67,9.33,7.5,7.67,9.33,9.33,80.92
Kenya,7.5,7.5,7.17,7.75,8.0,10.0,5.42,7.58,10.0,10.0,80.92
Mexico,7.42,7.17,7.5,7.33,7.5,10.0,7.33,7.33,10.0,9.33,80.92
Myanmar,7.58,7.0,7.17,7.0,7.33,10.0,7.42,7.42,10.0,10.0,80.92
United States of America,7.17,7.17,7.42,7.25,7.58,10.0,7.25,7.08,10.0,10.0,80.92
United Republic of Tanzania,7.25,7.17,7.33,7.33,7.42,10.0,7.25,7.17,10.0,10.0,80.92
Brazil,7.25,7.25,7.25,7.33,7.25,10.0,7.25,7.33,10.0,10.0,80.92
Taiwan,7.08,7.33,7.92,7.08,7.08,10.0,6.75,7.67,10.0,10.0,80.92
Brazil,7.25,7.17,7.17,7.33,7.25,10.0,7.33,7.42,10.0,10.0,80.92
Nicaragua,7.0,7.25,7.33,7.42,7.5,10.0,7.33,7.08,10.0,10.0,80.92
Guatemala,7.5,6.92,7.58,7.17,7.25,10.0,7.08,7.42,10.0,10.0,80.92
Taiwan,7.25,7.25,7.42,7.25,7.25,10.0,7.25,7.25,10.0,10.0,80.92
Taiwan,7.08,7.08,7.25,8.08,7.08,10.0,7.17,7.17,10.0,10.0,80.92
Taiwan,7.25,7.25,7.42,7.25,7.25,10.0,7.25,7.25,10.0,10.0,80.92
Mexico,7.5,7.08,7.58,7.25,7.17,10.0,7.0,7.33,10.0,10.0,80.92
Thailand,7.33,7.33,7.67,7.0,7.17,10.0,6.83,7.58,10.0,10.0,80.92
Laos,7.17,7.17,7.42,7.25,7.17,10.0,7.33,7.33,10.0,10.0,80.83
Guatemala,7.33,7.08,7.67,7.25,7.17,10.0,7.08,7.25,10.0,10.0,80.83
Mexico,7.42,7.25,7.17,7.33,7.25,10.0,7.33,7.08,10.0,10.0,80.83
Mexico,7.33,7.33,7.33,7.17,7.25,10.0,7.17,7.25,10.0,10.0,80.83
Mexico,7.25,7.33,7.5,7.17,7.17,10.0,7.25,7.17,10.0,10.0,80.83
United States of America,7.25,7.0,7.42,7.5,7.33,10.0,7.0,7.33,10.0,10.0,80.83
Colombia,6.83,7.0,7.33,7.67,7.33,10.0,7.33,7.33,10.0,10.0,80.83
Brazil,7.17,7.08,7.17,7.58,7.25,10.0,7.25,7.25,10.0,10.0,80.75
Myanmar,7.58,7.0,6.92,7.08,7.5,10.0,7.17,7.5,10.0,10.0,80.75
Guatemala,7.42,7.0,7.5,7.17,7.17,10.0,7.17,7.33,10.0,10.0,80.75
Nicaragua,7.25,7.17,7.25,7.25,7.33,10.0,7.25,7.25,10.0,10.0,80.75
Honduras,7.42,7.0,7.5,7.17,7.25,10.0,7.08,7.33,10.0,10.0,80.75
Panama,7.33,7.17,7.25,7.17,7.33,10.0,7.17,7.33,10.0,10.0,80.75
Honduras,7.42,7.08,7.42,7.25,7.25,10.0,7.17,7.17,10.0,10.0,80.75
Honduras,7.5,7.08,7.25,7.33,7.25,10.0,7.0,7.33,10.0,10.0,80.75
Costa Rica,7.25,7.25,7.33,7.17,7.17,10.0,7.25,7.33,10.0,10.0,80.75
Mexico,7.25,7.42,7.58,7.5,7.5,9.33,7.5,7.33,10.0,9.33,80.75
Haiti,7.25,7.42,7.42,7.33,7.08,10.0,7.25,7.0,10.0,10.0,80.75
United States of America,7.25,7.17,7.08,7.67,7.33,10.0,6.92,7.33,10.0,10.0,80.75
Taiwan,7.08,7.08,7.33,7.33,7.42,10.0,7.33,7.08,10.0,10.0,80.67
Indonesia,7.67,7.0,7.58,7.5,7.5,9.33,7.33,7.42,10.0,9.33,80.67
Guatemala,7.17,6.83,7.67,7.17,7.42,10.0,7.0,7.42,10.0,10.0,80.67
Costa Rica,7.67,7.67,7.83,7.5,7.83,10.0,8.0,7.5,10.0,6.67,80.67
Malawi,7.17,7.17,7.5,7.17,7.25,10.0,7.17,7.25,10.0,10.0,80.67
Mexico,7.25,7.17,7.25,7.42,7.17,10.0,7.25,7.17,10.0,10.0,80.67
Colombia,7.67,7.42,7.67,7.75,7.5,10.0,8.5,7.5,6.67,10.0,80.67
Guatemala,7.5,7.0,7.67,7.0,7.0,10.0,7.33,7.17,10.0,10.0,80.67
Guatemala,7.33,7.5,7.0,7.33,7.0,10.0,7.17,7.33,10.0,10.0,80.67
Guatemala,7.17,7.33,7.0,7.17,7.17,10.0,7.33,7.5,10.0,10.0,80.67
Colombia,7.42,7.08,7.17,7.42,7.08,10.0,7.25,7.25,10.0,10.0,80.67
Brazil,7.08,7.33,7.33,7.25,7.58,10.0,7.42,7.25,10.0,9.33,80.58
Nicaragua,7.25,7.0,7.08,7.0,7.42,10.0,7.33,7.5,10.0,10.0,80.58
United Republic of Tanzania,7.33,7.08,7.25,7.25,7.33,10.0,7.25,7.08,10.0,10.0,80.58
Brazil,7.0,7.33,7.42,7.25,7.08,10.0,7.25,7.25,10.0,10.0,80.58
Honduras,7.42,7.0,7.5,7.0,7.33,10.0,7.17,7.17,10.0,10.0,80.58
Guatemala,7.5,6.83,7.17,7.25,7.17,10.0,7.25,7.42,10.0,10.0,80.58
United States of America,7.92,7.5,7.42,7.83,7.83,8.67,7.83,7.58,9.33,8.67,80.58
Colombia,7.5,7.0,7.08,7.33,7.08,10.0,7.33,7.25,10.0,10.0,80.58
Taiwan,7.42,7.17,7.17,7.25,7.17,10.0,7.17,7.17,10.0,10.0,80.5
Guatemala,7.17,7.08,7.33,7.17,7.25,10.0,7.25,7.25,10.0,10.0,80.5
Honduras,7.17,7.0,7.58,7.08,7.33,10.0,7.0,7.33,10.0,10.0,80.5
Mauritius,7.17,7.17,7.25,7.17,7.25,10.0,7.25,7.25,10.0,10.0,80.5
Brazil,7.5,7.17,7.25,7.25,7.33,10.0,7.33,7.33,10.0,9.33,80.5
Myanmar,7.42,7.17,7.17,7.08,7.25,10.0,7.08,7.33,10.0,10.0,80.5
Guatemala,7.5,6.83,7.5,7.17,7.17,10.0,7.17,7.17,10.0,10.0,80.5
Brazil,7.33,7.08,7.42,7.5,7.67,9.33,7.42,7.42,10.0,9.33,80.5
United States of America,7.58,7.33,7.42,7.42,7.58,10.0,7.17,7.33,10.0,8.67,80.5
Guatemala,7.67,7.0,7.5,7.0,7.17,10.0,6.67,7.5,10.0,10.0,80.5
Mexico,7.33,7.08,7.25,7.17,7.25,10.0,7.17,7.25,10.0,10.0,80.5
Honduras,7.42,7.0,7.25,7.0,7.33,10.0,7.0,7.42,10.0,10.0,80.42
Taiwan,7.17,7.17,7.58,7.17,7.17,10.0,7.0,7.17,10.0,10.0,80.42
El Salvador,7.08,7.08,7.33,7.17,7.33,10.0,7.25,7.17,10.0,10.0,80.42
China,7.17,7.25,7.25,7.17,7.33,10.0,7.17,7.08,10.0,10.0,80.42
Taiwan,7.25,7.17,7.25,7.25,7.25,10.0,7.0,7.25,10.0,10.0,80.42
Mexico,7.5,7.08,6.92,7.17,7.33,10.0,7.25,7.17,10.0,10.0,80.42
Mexico,7.33,7.08,7.42,7.17,7.25,10.0,7.08,7.08,10.0,10.0,80.42
Burundi,7.33,7.17,7.08,7.08,7.08,10.0,7.33,7.25,10.0,10.0,80.33
United Republic of Tanzania,7.25,7.0,7.25,7.08,7.42,10.0,7.17,7.17,10.0,10.0,80.33
United Republic of Tanzania,7.25,7.25,7.25,7.08,7.25,10.0,7.08,7.17,10.0,10.0,80.33
Taiwan,7.25,7.08,7.25,7.25,7.25,10.0,7.0,7.25,10.0,10.0,80.33
Guatemala,7.5,6.83,7.33,7.17,7.0,10.0,7.17,7.33,10.0,10.0,80.33
Mexico,7.33,7.08,7.25,7.17,7.33,10.0,7.08,7.08,10.0,10.0,80.33
United States of America,7.33,6.92,7.17,7.33,7.67,10.0,7.08,7.5,10.0,9.33,80.33
Ethiopia,7.33,7.25,7.25,8.0,7.5,9.33,7.08,7.25,10.0,9.33,80.33
Brazil,7.08,7.42,7.17,7.0,7.0,10.0,7.25,7.33,10.0,10.0,80.25
Honduras,7.0,7.0,7.25,7.0,7.42,10.0,7.33,7.25,10.0,10.0,80.25
Mexico,7.33,7.0,7.25,7.0,7.33,10.0,7.17,7.17,10.0,10.0,80.25
Myanmar,7.33,7.0,8.0,6.92,7.08,10.0,6.83,7.08,10.0,10.0,80.25
Myanmar,7.0,7.08,7.42,7.33,7.17,10.0,7.25,7.0,10.0,10.0,80.25
Nicaragua,7.25,7.0,7.08,7.25,7.5,10.0,7.25,6.92,10.0,10.0,80.25
United States of America,7.67,7.67,7.5,7.58,7.42,9.33,7.33,7.08,9.33,9.33,80.25
Colombia,7.75,7.83,7.42,7.58,8.08,8.67,7.58,8.0,8.67,8.67,80.25
Taiwan,7.25,7.25,7.25,7.25,7.17,10.0,7.0,7.08,10.0,10.0,80.25
Guatemala,7.33,7.33,7.0,7.17,7.0,10.0,7.25,7.17,10.0,10.0,80.25
Mexico,7.25,7.17,7.58,7.0,6.75,10.0,7.17,7.33,10.0,10.0,80.25
Vietnam,7.58,7.25,7.42,7.33,7.42,10.0,7.25,7.25,10.0,8.67,80.17
Nicaragua,7.33,7.08,7.17,7.08,7.25,10.0,7.17,7.08,10.0,10.0,80.17
Honduras,7.17,7.0,7.25,7.08,7.08,10.0,7.33,7.25,10.0,10.0,80.17
Guatemala,7.17,7.0,7.33,7.17,7.17,10.0,7.0,7.33,10.0,10.0,80.17
Mexico,7.42,6.92,7.33,7.08,7.25,10.0,7.08,7.08,10.0,10.0,80.17
Mexico,7.5,7.33,7.58,7.17,7.08,10.0,7.42,7.42,10.0,8.67,80.17
Mexico,7.08,7.17,7.33,7.0,7.25,10.0,7.0,7.33,10.0,10.0,80.17
Guatemala,7.33,7.0,7.33,7.0,7.0,10.0,7.17,7.33,10.0,10.0,80.17
United States of America,7.33,7.33,7.58,7.33,7.67,9.33,7.42,7.5,9.33,9.33,80.17
Brazil,7.17,7.0,7.17,7.25,7.25,10.0,7.08,7.17,10.0,10.0,80.08
Taiwan,7.17,7.25,7.42,7.0,7.0,10.0,7.0,7.25,10.0,10.0,80.08
Nicaragua,7.25,6.92,7.25,7.25,7.17,10.0,7.08,7.17,10.0,10.0,80.08
Taiwan,7.25,7.25,7.25,7.0,7.08,10.0,7.0,7.25,10.0,10.0,80.08
Taiwan,7.0,7.25,7.25,7.08,7.25,10.0,7.0,7.25,10.0,10.0,80.08
Taiwan,7.08,7.25,7.25,7.08,7.17,10.0,7.0,7.25,10.0,10.0,80.08
Mexico,7.08,7.25,7.33,7.08,7.08,10.0,7.08,7.17,10.0,10.0,80.08
Mexico,7.17,7.0,7.25,7.17,7.33,10.0,7.08,7.08,10.0,10.0,80.08
Nicaragua,7.08,6.92,7.33,7.17,7.42,10.0,7.0,7.08,10.0,10.0,80.0
Myanmar,7.42,7.0,7.17,7.0,7.17,10.0,6.92,7.33,10.0,10.0,80.0
Mexico,7.5,7.42,7.58,7.5,7.5,8.67,7.42,7.75,10.0,8.67,80.0
Taiwan,7.0,7.25,7.25,7.0,7.25,10.0,7.0,7.25,10.0,10.0,80.0
Thailand,7.42,7.08,7.33,7.08,7.42,10.0,7.0,6.67,10.0,10.0,80.0
Mexico,7.17,7.08,7.25,7.33,7.33,10.0,7.25,7.25,10.0,9.33,80.0
Mexico,7.33,7.0,7.08,7.0,7.08,10.0,7.17,7.33,10.0,10.0,80.0
Ethiopia,7.92,7.5,7.42,7.58,7.75,9.33,7.75,7.42,8.67,8.67,80.0
Colombia,7.75,7.58,7.83,7.17,7.83,10.0,7.42,7.67,10.0,6.67,79.92
United States of America,6.92,7.0,7.5,7.17,7.33,10.0,7.0,7.0,10.0,10.0,79.92
Mexico,7.33,7.08,7.33,7.17,7.42,10.0,7.17,7.08,10.0,9.33,79.92
Mexico,7.25,6.92,7.17,7.08,7.33,10.0,7.0,7.17,10.0,10.0,79.92
Mexico,7.17,7.0,7.5,7.08,7.25,10.0,6.75,7.17,10.0,10.0,79.92
Mexico,7.08,7.08,7.17,7.33,7.5,10.0,7.33,7.08,10.0,9.33,79.92
Mexico,7.42,7.0,7.33,7.17,7.17,10.0,7.25,7.25,10.0,9.33,79.92
Mexico,7.58,7.08,7.17,7.08,7.33,9.33,7.0,7.33,10.0,10.0,79.92
United States of America,7.42,7.58,7.5,7.58,7.5,8.67,7.58,7.42,10.0,8.67,79.92
Kenya,7.17,7.0,7.0,7.25,7.25,10.0,7.08,7.08,10.0,10.0,79.83
Guatemala,7.33,6.92,7.33,7.33,7.25,10.0,7.08,7.25,10.0,9.33,79.83
Nicaragua,6.92,7.17,6.83,7.08,7.5,10.0,7.17,7.17,10.0,10.0,79.83
Mexico,7.25,7.0,7.17,7.0,7.5,10.0,6.83,7.08,10.0,10.0,79.83
United States of America,7.17,6.83,7.58,7.17,7.5,10.0,7.17,7.08,10.0,9.33,79.83
Guatemala,7.58,7.25,7.5,7.42,7.33,9.33,7.25,7.42,9.33,9.33,79.75
Taiwan,7.33,7.17,7.75,7.83,7.67,9.33,7.33,7.33,8.67,9.33,79.75
Taiwan,7.0,7.25,7.08,7.17,7.17,10.0,7.0,7.08,10.0,10.0,79.75
Thailand,7.5,6.92,7.25,6.92,7.08,10.0,7.0,7.08,10.0,10.0,79.75
Peru,7.25,7.0,7.0,7.42,7.5,10.0,7.17,7.08,10.0,9.33,79.75
Costa Rica,7.75,7.67,7.58,7.58,7.67,8.0,8.0,7.5,10.0,8.0,79.75
Mexico,7.0,7.0,7.58,6.92,7.5,10.0,6.67,7.08,10.0,10.0,79.75
Mexico,7.58,6.92,7.58,6.92,7.5,9.33,6.83,7.08,10.0,10.0,79.75
Mexico,7.17,7.0,7.25,7.08,7.17,10.0,7.0,7.08,10.0,10.0,79.75
Mexico,7.08,7.17,7.25,7.0,7.17,10.0,6.92,7.17,10.0,10.0,79.75
Mexico,7.08,7.0,7.33,7.0,7.08,10.0,7.0,7.25,10.0,10.0,79.75
Guatemala,7.33,7.5,7.58,7.33,7.0,9.33,7.67,7.33,9.33,9.33,79.75
Mexico,7.08,6.92,7.25,7.08,7.25,10.0,7.33,6.83,10.0,10.0,79.75
Guatemala,7.58,7.25,7.42,7.33,7.42,9.33,7.25,7.42,9.33,9.33,79.67
El Salvador,6.83,7.0,7.25,7.17,7.33,10.0,7.0,7.08,10.0,10.0,79.67
Thailand,7.42,6.83,6.92,7.08,7.17,10.0,7.08,7.17,10.0,10.0,79.67
Guatemala,7.08,6.83,7.5,7.17,7.08,10.0,7.0,7.0,10.0,10.0,79.67
Mexico,7.58,6.83,7.42,6.58,7.17,10.0,6.83,7.25,10.0,10.0,79.67
Mexico,6.75,7.0,7.33,7.0,7.08,10.0,7.33,7.17,10.0,10.0,79.67
Mexico,7.17,7.17,6.92,7.08,7.08,10.0,7.08,7.17,10.0,10.0,79.67
Thailand,7.0,7.0,7.17,6.92,7.25,10.0,7.17,7.17,10.0,10.0,79.67
Mexico,7.33,6.92,7.08,7.08,7.25,10.0,6.92,7.0,10.0,10.0,79.58
Mexico,7.33,6.92,7.25,7.0,7.25,10.0,6.92,6.92,10.0,10.0,79.58
Colombia,6.75,7.0,7.25,7.33,7.17,10.0,6.92,7.17,10.0,10.0,79.58
Guatemala,7.33,6.83,7.08,7.0,7.25,10.0,7.08,7.0,10.0,10.0,79.58
Nicaragua,7.42,7.0,6.92,7.0,7.25,10.0,7.0,6.92,10.0,10.0,79.5
Taiwan,7.0,7.17,6.92,7.0,7.42,10.0,7.0,7.0,10.0,10.0,79.5
Colombia,7.42,7.42,7.83,7.5,7.67,6.67,7.5,7.5,10.0,10.0,79.5
Mexico,7.25,6.92,7.25,7.08,7.58,10.0,7.0,7.08,10.0,9.33,79.5
Mexico,7.25,7.0,7.25,7.17,7.17,10.0,7.0,7.33,10.0,9.33,79.5
Guatemala,7.58,7.25,7.08,7.42,7.33,9.33,7.42,7.33,9.33,9.33,79.42
Guatemala,7.0,6.83,7.25,7.17,7.0,10.0,6.83,7.33,10.0,10.0,79.42
Mexico,7.42,6.83,7.0,7.17,7.33,10.0,6.83,6.83,10.0,10.0,79.42
Ivory Coast,7.0,6.83,7.42,7.08,7.33,10.0,7.08,7.25,10.0,9.33,79.33
Colombia,7.25,6.75,7.42,7.25,7.42,9.33,7.33,7.25,10.0,9.33,79.33
Mexico,7.33,6.83,7.0,6.92,7.42,10.0,6.83,7.0,10.0,10.0,79.33
Mexico,7.17,7.08,7.42,7.08,7.08,10.0,7.0,7.17,10.0,9.33,79.33
Guatemala,7.25,6.33,7.17,7.33,7.58,10.0,7.17,6.5,10.0,10.0,79.33
Taiwan,7.25,6.83,7.08,7.08,7.42,10.0,6.75,6.83,10.0,10.0,79.25
Mexico,7.17,6.92,7.0,7.08,7.17,10.0,6.92,7.0,10.0,10.0,79.25
Guatemala,7.42,7.33,7.33,7.42,7.5,9.33,7.42,7.42,9.33,8.67,79.17
Honduras,6.92,6.75,7.58,6.92,7.0,10.0,7.0,7.0,10.0,10.0,79.17
Guatemala,7.42,6.92,7.08,6.92,7.0,10.0,6.83,7.0,10.0,10.0,79.17
Guatemala,7.25,6.75,7.25,6.92,7.0,10.0,6.83,7.17,10.0,10.0,79.17
Costa Rica,8.0,7.5,7.17,7.83,7.25,10.0,7.33,7.42,6.67,10.0,79.17
Mexico,7.08,6.92,7.25,7.17,7.17,10.0,7.17,7.08,10.0,9.33,79.17
Mexico,7.08,6.92,7.17,7.0,7.17,10.0,6.92,6.92,10.0,10.0,79.17
Mexico,7.25,6.83,6.75,7.08,7.58,10.0,6.92,6.75,10.0,10.0,79.17
Guatemala,7.42,7.42,7.58,7.67,7.67,8.67,7.67,7.67,8.67,8.67,79.08
United States of America,7.33,6.75,7.42,6.92,7.33,9.33,6.92,7.08,10.0,10.0,79.08
Mexico,7.25,6.92,7.33,7.08,7.33,10.0,6.83,7.0,10.0,9.33,79.08
Mexico,7.33,6.75,7.25,7.0,7.42,10.0,6.92,7.08,10.0,9.33,79.08
Mexico,7.17,7.25,7.17,7.08,7.25,9.33,7.25,7.25,10.0,9.33,79.08
,6.83,6.42,6.75,7.5,7.58,10.0,7.25,6.75,10.0,10.0,79.08
Guatemala,7.42,6.58,7.33,6.83,7.08,10.0,6.58,7.17,10.0,10.0,79.0
Honduras,7.0,7.0,7.0,7.0,7.0,10.0,7.0,7.0,10.0,10.0,79.0
Peru,7.25,7.08,7.67,7.5,8.0,9.33,7.0,7.17,9.33,8.67,79.0
Mexico,7.25,6.67,6.75,7.08,7.17,10.0,7.0,7.08,10.0,10.0,79.0
Mexico,7.5,6.92,7.5,7.0,7.25,10.0,7.0,7.17,10.0,8.67,79.0
Mexico,7.25,6.83,7.17,6.92,7.17,10.0,6.83,6.83,10.0,10.0,79.0
Mexico,7.08,6.75,7.33,7.25,7.17,10.0,7.0,7.0,10.0,9.33,78.92
Mexico,7.08,6.92,7.5,6.75,6.92,10.0,6.75,7.0,10.0,10.0,78.92
Nicaragua,7.0,6.92,7.17,7.0,7.0,10.0,6.75,7.0,10.0,10.0,78.83
United States of America,7.25,6.92,7.5,7.42,7.58,9.33,7.17,6.92,9.33,9.33,78.75
Guatemala,7.25,6.33,7.33,7.0,7.0,10.0,6.75,7.08,10.0,10.0,78.75
Mexico,7.0,6.83,7.25,7.0,7.17,10.0,6.67,6.83,10.0,10.0,78.75
Mexico,7.25,7.17,7.25,7.0,7.08,10.0,7.0,7.33,10.0,8.67,78.75
Mexico,7.33,6.83,7.67,7.17,7.58,10.0,7.0,7.17,8.67,9.33,78.75
China,7.17,6.83,7.0,7.17,7.17,10.0,7.08,6.92,9.33,10.0,78.67
Mexico,7.25,6.67,6.92,6.92,7.17,10.0,6.83,6.92,10.0,10.0,78.67
Nicaragua,6.83,6.75,7.08,6.92,7.08,10.0,6.92,7.0,10.0,10.0,78.58
Nicaragua,6.75,6.92,6.83,7.08,7.25,10.0,6.67,7.08,10.0,10.0,78.58
Guatemala,7.58,6.92,7.33,7.17,7.25,9.33,7.17,7.17,10.0,8.67,78.58
Taiwan,7.25,7.17,6.83,6.92,7.0,10.0,6.67,6.75,10.0,10.0,78.58
Mexico,7.33,6.75,7.0,6.92,6.92,10.0,6.67,7.0,10.0,10.0,78.58
Mexico,7.92,7.58,7.92,7.5,7.92,6.67,7.5,7.58,10.0,8.0,78.58
United States of America,7.42,7.08,7.92,7.33,6.75,9.33,7.25,6.83,10.0,8.67,78.58
Mexico,6.92,6.92,7.25,7.58,7.25,9.33,7.17,6.75,10.0,9.33,78.5
Mexico,7.0,6.83,7.08,6.92,7.0,10.0,6.83,6.83,10.0,10.0,78.5
Mexico,6.83,7.0,7.25,7.08,7.58,10.0,6.92,7.17,10.0,8.67,78.5
Brazil,7.08,6.92,6.83,6.83,6.92,10.0,6.83,7.0,10.0,10.0,78.42
Mexico,7.17,7.0,7.58,7.0,7.33,10.0,7.17,7.17,10.0,8.0,78.42
United States of America,7.83,7.58,7.5,7.92,7.92,8.0,7.83,7.75,8.67,7.33,78.33
Guatemala,7.0,6.67,7.17,7.17,7.17,10.0,6.67,6.5,10.0,10.0,78.33
Guatemala,7.17,6.5,7.17,6.83,7.0,10.0,6.5,7.17,10.0,10.0,78.33
Mexico,7.5,7.0,7.25,7.42,7.33,9.33,7.75,7.25,10.0,8.0,78.33
Guatemala,7.25,6.17,7.17,7.33,7.33,10.0,7.0,6.08,10.0,10.0,78.33
United States of America,7.58,7.33,7.5,7.42,7.5,8.67,7.42,7.5,8.67,8.67,78.25
United States of America,7.5,7.33,7.42,7.75,7.67,8.67,7.25,7.33,9.33,8.0,78.25
Indonesia,6.92,6.92,6.92,6.83,6.92,10.0,6.83,6.83,10.0,10.0,78.17
Mexico,7.25,6.67,7.08,6.92,7.25,9.33,6.75,6.83,10.0,10.0,78.08
Taiwan,7.17,7.33,7.5,7.5,7.5,10.0,7.25,7.08,10.0,6.67,78.0
Honduras,7.0,6.67,6.83,6.83,7.0,10.0,6.67,7.0,10.0,10.0,78.0
United States of America,7.42,7.5,7.58,7.33,7.5,8.67,7.33,7.33,9.33,8.0,78.0
Guatemala,7.33,6.83,7.42,6.92,7.0,9.33,7.25,7.25,9.33,9.33,78.0
China,7.08,6.92,7.33,7.0,7.33,9.33,7.17,7.17,9.33,9.33,78.0
Guatemala,7.17,6.83,7.0,6.83,6.67,10.0,6.67,6.83,10.0,10.0,78.0
Mexico,7.0,7.0,7.25,7.08,7.25,10.0,7.08,7.33,8.0,10.0,78.0
Colombia,7.17,7.0,7.42,7.17,7.67,9.33,7.08,7.17,9.33,8.67,78.0
Costa Rica,7.0,7.42,7.5,6.83,7.08,9.33,6.83,7.25,10.0,8.67,77.92
Mexico,7.0,7.0,7.42,7.08,7.25,10.0,6.92,7.25,10.0,8.0,77.92
Guatemala,7.08,6.17,7.17,6.83,7.33,10.0,7.17,6.17,10.0,10.0,77.92
Nicaragua,7.17,7.0,7.42,7.0,7.08,8.67,7.17,7.0,10.0,9.33,77.83
Brazil,6.83,6.67,7.0,6.83,7.08,10.0,6.67,6.75,10.0,10.0,77.83
Guatemala,7.17,6.67,7.0,6.83,6.83,10.0,6.5,6.83,10.0,10.0,77.83
Taiwan,7.33,6.58,7.17,7.17,7.33,9.33,6.67,6.75,10.0,9.33,77.67
United States of America,7.67,7.58,7.58,7.42,7.42,9.33,7.58,7.67,6.0,9.33,77.58
Mexico,6.75,6.58,7.17,6.75,6.83,10.0,6.67,6.75,10.0,10.0,77.5
Guatemala,7.0,6.33,7.08,7.0,6.92,10.0,6.17,6.92,10.0,10.0,77.42
Brazil,7.58,7.42,7.5,6.92,7.58,8.0,7.0,7.33,10.0,8.0,77.33
Guatemala,7.17,6.83,7.33,7.17,7.17,9.33,6.67,7.0,9.33,9.33,77.33
Mexico,7.0,6.67,7.33,6.92,6.92,9.33,6.83,7.0,10.0,9.33,77.33
Haiti,6.75,6.83,6.83,6.92,6.92,10.0,6.83,6.83,10.0,9.33,77.25
United States of America,6.67,6.83,7.08,7.42,7.58,9.33,6.75,6.92,10.0,8.67,77.25
Mexico,7.25,7.0,7.08,7.25,7.33,8.67,6.92,7.0,10.0,8.67,77.17
Peru,7.67,7.42,7.42,7.83,7.92,5.33,7.67,7.75,9.33,8.67,77.0
India,6.67,7.17,7.67,7.42,7.17,10.0,7.42,7.33,6.67,9.33,76.83
Mexico,6.83,6.42,6.67,6.92,7.0,10.0,6.58,6.33,10.0,10.0,76.75
Guatemala,7.33,6.5,6.42,6.92,6.33,10.0,6.5,6.5,10.0,10.0,76.5
Mexico,7.0,6.58,7.17,6.58,7.25,9.33,6.58,6.58,10.0,9.33,76.42
Guatemala,7.5,6.83,7.5,7.33,7.17,8.67,7.0,7.0,8.67,8.67,76.33
Guatemala,7.17,6.5,6.17,6.83,7.0,10.0,6.17,6.5,10.0,10.0,76.33
United States of America,7.17,6.83,7.25,6.83,7.33,8.67,7.08,7.08,9.33,8.67,76.25
United States of America,7.58,7.33,7.5,7.25,7.67,8.0,7.5,7.33,8.0,8.0,76.17
Mexico,7.08,6.83,7.42,6.83,6.92,10.0,6.75,7.0,10.0,7.33,76.17
Indonesia,6.08,6.5,7.33,6.33,7.58,10.0,6.67,7.0,9.33,9.33,76.17
Mexico,7.17,6.83,7.08,7.08,7.17,7.33,6.58,6.83,10.0,10.0,76.08
Honduras,6.83,6.67,6.83,6.83,7.0,8.67,7.0,6.83,10.0,9.33,76.0
Philippines,6.92,6.5,6.83,7.0,6.75,10.0,6.67,6.5,9.33,9.33,75.83
Brazil,7.5,6.83,7.17,7.0,7.17,8.0,7.0,7.0,10.0,8.0,75.67
Guatemala,7.58,7.17,7.92,7.17,7.33,8.0,6.83,7.58,8.0,8.0,75.58
Guatemala,7.0,6.33,6.67,6.75,7.17,10.0,6.5,6.5,10.0,8.67,75.58
Mexico,7.0,6.92,7.5,6.83,7.17,8.0,6.83,7.25,10.0,8.0,75.5
Mexico,6.83,6.67,7.17,7.75,7.25,6.0,6.58,6.92,10.0,10.0,75.17
Mexico,7.08,6.67,7.25,6.83,7.17,6.67,6.67,6.83,10.0,10.0,75.17
Mexico,7.17,6.83,7.17,6.67,7.42,7.33,6.75,7.17,10.0,8.67,75.17
Mexico,6.92,6.75,7.0,6.83,7.17,6.67,6.75,6.92,10.0,10.0,75.0
Mexico,7.0,6.58,7.08,6.75,7.0,8.67,6.42,6.75,10.0,8.67,74.92
Mexico,7.25,6.67,7.33,7.0,7.5,5.33,7.0,6.75,10.0,10.0,74.83
Guatemala,7.0,6.17,6.75,6.75,7.25,10.0,6.33,6.5,10.0,8.0,74.75
Guatemala,7.17,6.17,6.75,6.58,7.0,10.0,6.42,6.67,10.0,8.0,74.75
Mexico,7.5,6.83,7.08,6.83,7.33,7.33,6.75,7.0,10.0,8.0,74.67
United States of America,7.25,7.0,7.5,7.33,7.42,8.67,7.33,7.25,6.67,8.0,74.42
Guatemala,7.5,6.5,6.5,6.83,7.33,10.0,6.0,6.33,8.67,8.67,74.33
Mexico,6.83,6.67,7.0,6.83,7.08,6.67,6.67,6.58,10.0,10.0,74.33
Mexico,7.33,6.17,6.92,6.75,7.25,6.67,6.5,6.42,10.0,10.0,74.0
Mexico,7.58,7.17,7.67,7.33,7.33,2.67,7.08,7.0,10.0,10.0,73.83
United States of America,7.58,7.17,7.17,6.92,7.67,6.67,7.33,7.17,6.67,9.33,73.67
Brazil,7.0,6.58,7.25,6.42,7.0,8.0,6.67,6.58,10.0,8.0,73.5
Honduras,7.17,6.83,7.0,7.17,7.0,8.0,7.08,7.17,8.0,8.0,73.42
Mexico,7.08,6.92,7.08,6.92,6.92,8.0,6.92,7.08,8.0,8.0,72.92
Colombia,7.33,7.75,8.0,7.67,7.42,6.67,7.33,7.33,6.67,6.67,72.83
United States of America,7.5,6.92,6.92,7.17,7.58,6.67,6.92,6.92,9.33,6.67,72.58
Haiti,7.17,7.08,6.92,6.67,7.33,5.33,6.42,6.75,8.67,10.0,72.33
Costa Rica,6.83,6.33,6.33,6.5,6.33,6.67,6.25,6.5,10.0,10.0,71.75
Mexico,6.92,6.92,6.92,7.0,7.17,2.67,6.58,6.92,10.0,10.0,71.08
Mexico,7.17,6.42,6.5,6.5,7.33,6.0,6.42,6.67,10.0,8.0,71.0
Mexico,6.92,6.83,6.92,6.92,7.42,6.0,6.75,7.0,10.0,6.0,70.75
Brazil,7.0,6.83,7.0,6.83,7.33,6.0,6.67,7.0,10.0,6.0,70.67
Honduras,6.67,6.17,6.67,6.17,6.83,8.0,6.33,6.5,8.0,8.0,69.33
Honduras,6.67,6.17,7.0,6.17,6.5,8.0,6.5,6.17,8.0,8.0,69.17
Honduras,6.5,6.17,7.0,6.17,6.67,8.0,6.33,6.33,8.0,8.0,69.17
Mexico,7.42,6.25,7.08,6.75,7.25,0.0,6.75,6.83,10.0,10.0,68.33
Haiti,6.67,6.42,6.75,6.67,7.08,6.0,6.42,6.58,6.0,9.33,67.92
Nicaragua,6.25,6.33,7.25,6.08,6.42,6.0,6.17,6.58,6.0,6.0,63.08
Guatemala,7.67,6.67,7.5,6.67,7.33,1.33,6.67,6.67,1.33,8.0,59.83
Honduras,0.0,0.0,0.0,0.0,0.0,0.0,0.0,0.0,0.0,0.0,0.0
Uganda,7.92,7.75,7.83,7.92,8.25,10.0,8.0,8.08,8.0,10.0,83.75
India,8.0,7.92,8.0,7.92,7.92,10.0,8.0,7.75,8.0,10.0,83.5
India,8.0,7.92,7.92,7.92,7.83,10.0,8.0,7.83,7.83,10.0,83.25
Uganda,7.75,7.92,8.0,7.75,7.83,10.0,8.08,7.92,7.75,10.0,83.0
Uganda,7.75,7.83,8.33,7.75,8.25,10.0,7.67,7.83,7.58,10.0,83.0
India,8.0,7.67,8.0,7.92,7.75,10.0,7.75,7.92,7.75,10.0,82.75
India,7.83,7.83,7.67,7.75,7.92,10.0,7.83,7.75,8.0,10.0,82.58
India,7.67,7.83,7.67,7.83,7.92,10.0,7.92,7.75,7.92,10.0,82.5
India,7.83,7.58,7.67,8.0,7.83,10.0,7.92,7.75,7.92,10.0,82.5
Uganda,7.83,7.83,7.67,7.75,7.92,10.0,7.83,7.83,7.75,10.0,82.42
Uganda,7.83,7.75,7.58,7.67,7.5,10.0,7.83,7.92,7.67,10.0,81.75
India,7.5,7.75,7.67,7.58,7.75,10.0,7.75,7.83,7.75,10.0,81.58
India,7.58,7.67,7.58,7.67,7.67,10.0,8.33,7.58,7.5,10.0,81.58
Uganda,7.58,7.75,8.0,7.5,7.67,10.0,7.67,7.75,7.58,10.0,81.5
Uganda,7.5,7.75,8.0,7.58,7.67,10.0,7.75,7.67,7.58,10.0,81.5
India,7.67,7.67,7.75,7.58,7.58,10.0,7.83,7.75,7.58,10.0,81.42
India,7.83,7.25,7.5,7.83,7.67,10.0,7.83,7.5,7.83,10.0,81.25
Uganda,7.75,7.5,7.33,7.67,7.75,10.0,7.58,7.58,7.75,10.0,80.92
Uganda,7.67,7.33,7.83,7.5,7.5,10.0,7.42,7.58,7.75,10.0,80.58
Uganda,7.58,7.33,7.75,7.58,7.67,10.0,7.5,7.42,7.67,10.0,80.5
India,7.33,7.5,7.67,7.5,7.58,10.0,7.5,7.67,7.42,10.0,80.17
India,7.83,7.42,7.58,7.5,7.42,10.0,7.58,7.42,7.42,10.0,80.17
United States of America,7.42,7.42,7.92,7.42,7.42,10.0,7.33,7.5,7.58,9.33,79.33
Ecuador,7.58,7.33,7.75,7.83,5.08,10.0,7.83,7.58,7.75,10.0,78.75
Ecuador,7.75,7.75,7.5,5.25,5.17,10.0,8.58,7.67,8.42,10.0,78.08
United States of America,7.42,7.17,7.33,7.17,7.5,9.33,7.17,7.33,7.42,9.33,77.17
India,7.17,6.75,7.42,7.0,7.25,9.33,6.92,6.83,7.08,9.33,75.08
Vietnam,6.83,6.5,6.75,6.83,6.92,9.33,7.92,6.67,6.67,9.33,73.75
